campaign started Thu Aug 27 15:05:58 CEST 2026
===== stats @ 15:07:39 =====
-> /Users/thomassinapi/eals-spark/results/datasets.csv  (4 rows)
===== partitions --dataset ml-1m --cores 8 --iters 4 --reps 3 @ 15:07:40 =====
{'dataset': 'ml-1m', 'cores': 8, 'partitions': 1, 'rep': 0, 't_med': 1.0214105830091285, 't_min': 1.0019720830023289, 't_max': 1.0308777919999557, 't_user': 0.5204465410060948, 't_item': 0.49484033399494365, 't_bcast': 0.006491749998531304, 't_driver': 0.0004689579945988953}
{'dataset': 'ml-1m', 'cores': 8, 'partitions': 1, 'rep': 1, 't_med': 1.0039788750000298, 't_min': 0.9897567919979338, 't_max': 1.0887376669998048, 't_user': 0.4982774999953108, 't_item': 0.4847867920034332, 't_bcast': 0.007155541010433808, 't_driver': 0.0003989169927081093}
{'dataset': 'ml-1m', 'cores': 8, 'partitions': 1, 'rep': 2, 't_med': 1.031240958996932, 't_min': 0.9766572920052567, 't_max': 1.0525871660065604, 't_user': 0.4852930000051856, 't_item': 0.5107981250039302, 't_bcast': 0.006368791000568308, 't_driver': 0.0004258750122971833}
{'dataset': 'ml-1m', 'cores': 8, 'partitions': 2, 'rep': 0, 't_med': 0.6344479580002371, 't_min': 0.6165660420083441, 't_max': 0.6402886249998119, 't_user': 0.326273750004475, 't_item': 0.2995455829950515, 't_bcast': 0.0060392500017769635, 't_driver': 0.0004343750042608008}
{'dataset': 'ml-1m', 'cores': 8, 'partitions': 2, 'rep': 1, 't_med': 0.6525579579902114, 't_min': 0.6328939999948489, 't_max': 0.6730418750084937, 't_user': 0.3351635840081144, 't_item': 0.3273648750036955, 't_bcast': 0.006577915992238559, 't_driver': 0.00040929100941866636}
{'dataset': 'ml-1m', 'cores': 8, 'partitions': 2, 'rep': 2, 't_med': 0.6365644579927903, 't_min': 0.6351967499940656, 't_max': 0.6797407499980181, 't_user': 0.29086858400842175, 't_item': 0.3382408750039758, 't_bcast': 0.005706792013370432, 't_driver': 0.00041370799590367824}
{'dataset': 'ml-1m', 'cores': 8, 'partitions': 4, 'rep': 0, 't_med': 0.490387624988216, 't_min': 0.47913145800703205, 't_max': 0.4907290419942001, 't_user': 0.2447119999997085, 't_item': 0.23554749999311753, 't_bcast': 0.00793887501640711, 't_driver': 0.0007907909894129261}
{'dataset': 'ml-1m', 'cores': 8, 'partitions': 4, 'rep': 1, 't_med': 0.5169790829968406, 't_min': 0.49804962500638794, 't_max': 0.5364118339930428, 't_user': 0.26935308300016914, 't_item': 0.24215725000249222, 't_bcast': 0.008626208989880979, 't_driver': 0.0007245000015245751}
{'dataset': 'ml-1m', 'cores': 8, 'partitions': 4, 'rep': 2, 't_med': 0.4770143749919953, 't_min': 0.4766555829992285, 't_max': 0.4814364170015324, 't_user': 0.23194362499634735, 't_item': 0.23637108299590182, 't_bcast': 0.008778417002758943, 't_driver': 0.00078600000415463}
{'dataset': 'ml-1m', 'cores': 8, 'partitions': 8, 'rep': 0, 't_med': 0.48846587499429006, 't_min': 0.4873977079987526, 't_max': 0.5084726659988519, 't_user': 0.2363235410011839, 't_item': 0.24263108300510794, 't_bcast': 0.00990020899916999, 't_driver': 0.0005932499916525558}
{'dataset': 'ml-1m', 'cores': 8, 'partitions': 8, 'rep': 1, 't_med': 0.49531145799846854, 't_min': 0.4888957079965621, 't_max': 0.7037572920089588, 't_user': 0.24463329199352302, 't_item': 0.2380885419988772, 't_bcast': 0.013012667011935264, 't_driver': 0.0011476249928819016}
{'dataset': 'ml-1m', 'cores': 8, 'partitions': 8, 'rep': 2, 't_med': 0.5195710830012104, 't_min': 0.5014496660005534, 't_max': 0.5436025829985738, 't_user': 0.25179312500404194, 't_item': 0.2555042500025593, 't_bcast': 0.009501958003966138, 't_driver': 0.0008646249916637316}
{'dataset': 'ml-1m', 'cores': 8, 'partitions': 16, 'rep': 0, 't_med': 0.7937741659989115, 't_min': 0.7613299590011593, 't_max': 0.7974471249908675, 't_user': 0.3869785000133561, 't_item': 0.4014798749994952, 't_bcast': 0.008377707985346206, 't_driver': 0.0006110419926699251}
{'dataset': 'ml-1m', 'cores': 8, 'partitions': 16, 'rep': 1, 't_med': 0.7786961670062738, 't_min': 0.7664462910033762, 't_max': 0.7927044579992071, 't_user': 0.3873877080040984, 't_item': 0.38293008400069084, 't_bcast': 0.008383499982301146, 't_driver': 0.0005942499992670491}
{'dataset': 'ml-1m', 'cores': 8, 'partitions': 16, 'rep': 2, 't_med': 0.7912494170013815, 't_min': 0.7548840829986148, 't_max': 0.8050361670029815, 't_user': 0.3896684589999495, 't_item': 0.39046816699556075, 't_bcast': 0.008931750009651296, 't_driver': 0.0008401250088354573}
{'dataset': 'ml-1m', 'cores': 8, 'partitions': 32, 'rep': 0, 't_med': 1.3314693330030423, 't_min': 1.324017749997438, 't_max': 1.3728893750085263, 't_user': 0.6539544169936562, 't_item': 0.675257667011465, 't_bcast': 0.007846667009289376, 't_driver': 0.00046691599709447473}
{'dataset': 'ml-1m', 'cores': 8, 'partitions': 32, 'rep': 1, 't_med': 1.421490292006638, 't_min': 1.3927383750124136, 't_max': 1.4779257500049425, 't_user': 0.6941390419960953, 't_item': 0.7085135000088485, 't_bcast': 0.008335667007486336, 't_driver': 0.0005293750000419095}
{'dataset': 'ml-1m', 'cores': 8, 'partitions': 32, 'rep': 2, 't_med': 1.6613604169979226, 't_min': 1.6461849589977646, 't_max': 1.6747570830048062, 't_user': 0.8554576249880483, 't_item': 0.7777046249975683, 't_bcast': 0.011711917002685368, 't_driver': 0.0013107920094626024}
{'dataset': 'ml-1m', 'cores': 8, 'partitions': 64, 'rep': 0, 't_med': 2.5219455839978764, 't_min': 2.5129859169974225, 't_max': 2.909530208009528, 't_user': 1.2659058749995893, 't_item': 1.3417022499925224, 't_bcast': 0.008466707993648015, 't_driver': 0.001003500001388602}
{'dataset': 'ml-1m', 'cores': 8, 'partitions': 64, 'rep': 1, 't_med': 2.7022927919897484, 't_min': 2.342298249990563, 't_max': 2.840101375011727, 't_user': 1.3124515829986194, 't_item': 1.3812542499945266, 't_bcast': 0.008247874982771464, 't_driver': 0.0005934999935561791}
{'dataset': 'ml-1m', 'cores': 8, 'partitions': 64, 'rep': 2, 't_med': 2.7242097919952357, 't_min': 2.5972316670086, 't_max': 2.9066883329942357, 't_user': 1.4022901249991264, 't_item': 1.3052533329901053, 't_bcast': 0.00819795900315512, 't_driver': 0.0006272090104175732}
{'dataset': 'ml-1m', 'cores': 8, 'partitions': 128, 'rep': 0, 't_med': 5.1710920829937095, 't_min': 5.117767207993893, 't_max': 6.0710902090067975, 't_user': 2.5855845419864636, 't_item': 2.711548415987636, 't_bcast': 0.013597541998024099, 't_driver': 0.0008225000055972487}
{'dataset': 'ml-1m', 'cores': 8, 'partitions': 128, 'rep': 1, 't_med': 5.294713666997268, 't_min': 5.287670167002943, 't_max': 5.408577791007701, 't_user': 2.6525698749901494, 't_item': 2.639390167008969, 't_bcast': 0.011519084000610746, 't_driver': 0.0009724999981699511}
{'dataset': 'ml-1m', 'cores': 8, 'partitions': 128, 'rep': 2, 't_med': 5.116714749994571, 't_min': 5.063704792002682, 't_max': 5.318812500001513, 't_user': 2.5972688750043744, 't_item': 2.503926917008357, 't_bcast': 0.014559624993125908, 't_driver': 0.0010174579947488382}
-> /Users/thomassinapi/eals-spark/results/partitions_ml-1m.csv  (24 rows)
===== breakdown --datasets ml-1m,ml-10m --cores 8 --iters 4 --reps 3 @ 15:11:56 =====
{'dataset': 'ml-1m', 's_cache': 'fused', 'cores': 8, 'rep': 0, 't_med': 0.8937801249994664, 't_min': 0.8705099999933736, 't_max': 0.8988112920051208, 't_user': 0.44316879101097584, 't_item': 0.4356677920004586, 't_bcast': 0.012038250002660789, 't_driver': 0.0007148750009946525}
{'dataset': 'ml-1m', 's_cache': 'fused', 'cores': 8, 'rep': 1, 't_med': 0.8965147499984596, 't_min': 0.8709740420017624, 't_max': 0.9132044169964502, 't_user': 0.46099224999488797, 't_item': 0.42991875000006985, 't_bcast': 0.012022875002003275, 't_driver': 0.001973457998246886}
{'dataset': 'ml-1m', 's_cache': 'fused', 'cores': 8, 'rep': 2, 't_med': 0.8886558749945834, 't_min': 0.8760339579894207, 't_max': 0.8971106249955483, 't_user': 0.43672004199470393, 't_item': 0.4418647919956129, 't_bcast': 0.010965749985189177, 't_driver': 0.0008842079987516627}
{'dataset': 'ml-1m', 's_cache': 'driver', 'cores': 8, 'rep': 0, 't_med': 0.8773109169997042, 't_min': 0.8680785420001484, 't_max': 0.8880313329864293, 't_user': 0.43495183299819473, 't_item': 0.43382250001013745, 't_bcast': 0.011674749999656342, 't_driver': 0.0010591249883873388}
{'dataset': 'ml-1m', 's_cache': 'driver', 'cores': 8, 'rep': 1, 't_med': 0.8685402499977499, 't_min': 0.8394275000027847, 't_max': 0.8825729170057457, 't_user': 0.42820404199301265, 't_item': 0.4281369999953313, 't_bcast': 0.009440833004191518, 't_driver': 0.0014728749956702814}
{'dataset': 'ml-1m', 's_cache': 'driver', 'cores': 8, 'rep': 2, 't_med': 0.8744729580066632, 't_min': 0.843844374991022, 't_max': 0.8883209580089897, 't_user': 0.42391466700064484, 't_item': 0.4380588330095634, 't_bcast': 0.011409083002945408, 't_driver': 0.0011931250046472996}
{'dataset': 'ml-10m', 's_cache': 'fused', 'cores': 8, 'rep': 0, 't_med': 4.779103875000146, 't_min': 4.7089627090026625, 't_max': 4.787920791990473, 't_user': 2.366404957996565, 't_item': 2.308580417011399, 't_bcast': 0.05492254199634772, 't_driver': 0.0018592919950606301}
{'dataset': 'ml-10m', 's_cache': 'fused', 'cores': 8, 'rep': 1, 't_med': 4.68417445900559, 't_min': 4.676659958000528, 't_max': 4.722130875001312, 't_user': 2.3361346250021597, 't_item': 2.3031060000066645, 't_bcast': 0.05056716701074038, 't_driver': 0.0015762499970151111}
{'dataset': 'ml-10m', 's_cache': 'fused', 'cores': 8, 'rep': 2, 't_med': 4.644725625010324, 't_min': 4.585197791995597, 't_max': 4.671376041995245, 't_user': 2.278476874998887, 't_item': 2.2664169579948066, 't_bcast': 0.05198012600885704, 't_driver': 0.0018045839970000088}
{'dataset': 'ml-10m', 's_cache': 'driver', 'cores': 8, 'rep': 0, 't_med': 4.867728332988918, 't_min': 4.816702124997391, 't_max': 4.901770333002787, 't_user': 2.3661724159901496, 't_item': 2.394535542000085, 't_bcast': 0.05340891701052897, 't_driver': 0.002585249996627681}
{'dataset': 'ml-10m', 's_cache': 'driver', 'cores': 8, 'rep': 1, 't_med': 4.872671832999913, 't_min': 4.837898166995728, 't_max': 4.906662374996813, 't_user': 2.4272877920011524, 't_item': 2.4213170419970993, 't_bcast': 0.04681716598861385, 't_driver': 0.002427542000077665}
{'dataset': 'ml-10m', 's_cache': 'driver', 'cores': 8, 'rep': 2, 't_med': 4.857857917013462, 't_min': 4.8481268750038, 't_max': 4.867982833995484, 't_user': 2.439886624997598, 't_item': 2.3689289589965483, 't_bcast': 0.05371287401067093, 't_driver': 0.0025052090059034526}
-> /Users/thomassinapi/eals-spark/results/breakdown.csv  (12 rows)
===== volume --datasets ml-100k,ml-1m,ml-10m --cores 8 --iters 4 --reps 3 @ 15:16:22 =====
{'dataset': 'ml-100k', 'frac': 0.1, 'nnz': 9741, 'users': 943, 'items': 1151, 'cores': 8, 'rep': 0, 't_med': 0.642461583003751, 't_min': 0.612521499991999, 't_max': 0.6934537920024013, 't_user': 0.3064937079907395, 't_item': 0.3206953750050161, 't_bcast': 0.012960584004758857, 't_driver': 0.0007806669891579077}
{'dataset': 'ml-100k', 'frac': 0.1, 'nnz': 9741, 'users': 943, 'items': 1151, 'cores': 8, 'rep': 1, 't_med': 0.6077407090051565, 't_min': 0.6038296670012642, 't_max': 0.6443761249975068, 't_user': 0.3048995000135619, 't_item': 0.29892541699518915, 't_bcast': 0.007392833998892456, 't_driver': 0.0005299999902490526}
{'dataset': 'ml-100k', 'frac': 0.1, 'nnz': 9741, 'users': 943, 'items': 1151, 'cores': 8, 'rep': 2, 't_med': 0.6223189999873284, 't_min': 0.6153774159902241, 't_max': 0.6699828749988228, 't_user': 0.3205522079952061, 't_item': 0.29845487501006573, 't_bcast': 0.007952375002787448, 't_driver': 0.0004751249944092706}
{'dataset': 'ml-100k', 'frac': 0.25, 'nnz': 24224, 'users': 943, 'items': 1151, 'cores': 8, 'rep': 0, 't_med': 0.6011746659933124, 't_min': 0.5926583750115242, 't_max': 0.63026083400473, 't_user': 0.2970846250100294, 't_item': 0.29862791699997615, 't_bcast': 0.004992248999769799, 't_driver': 0.00046262500109151006}
{'dataset': 'ml-100k', 'frac': 0.25, 'nnz': 24224, 'users': 943, 'items': 1151, 'cores': 8, 'rep': 1, 't_med': 0.6211107499984792, 't_min': 0.589231457997812, 't_max': 0.6507505420013331, 't_user': 0.298415750003187, 't_item': 0.31475924998812843, 't_bcast': 0.007489584007998928, 't_driver': 0.0004461659991648048}
{'dataset': 'ml-100k', 'frac': 0.25, 'nnz': 24224, 'users': 943, 'items': 1151, 'cores': 8, 'rep': 2, 't_med': 0.5924157919944264, 't_min': 0.589315750010428, 't_max': 0.6217630000028294, 't_user': 0.29646704100014176, 't_item': 0.2963884170021629, 't_bcast': 0.007488373987143859, 't_driver': 0.0008748750115046278}
{'dataset': 'ml-100k', 'frac': 0.5, 'nnz': 48579, 'users': 943, 'items': 1152, 'cores': 8, 'rep': 0, 't_med': 0.6243638329906389, 't_min': 0.6085225419956259, 't_max': 0.6249119170097401, 't_user': 0.3015882500039879, 't_item': 0.3127050000039162, 't_bcast': 0.007032209003227763, 't_driver': 0.0005928749887971207}
{'dataset': 'ml-100k', 'frac': 0.5, 'nnz': 48579, 'users': 943, 'items': 1152, 'cores': 8, 'rep': 1, 't_med': 0.616240834002383, 't_min': 0.6068334579904331, 't_max': 0.636586292006541, 't_user': 0.3064444170013303, 't_item': 0.3023237919987878, 't_bcast': 0.006785875011701137, 't_driver': 0.0004117089993087575}
{'dataset': 'ml-100k', 'frac': 0.5, 'nnz': 48579, 'users': 943, 'items': 1152, 'cores': 8, 'rep': 2, 't_med': 0.6671852500003297, 't_min': 0.6082546669931617, 't_max': 0.770589874999132, 't_user': 0.3371051249996526, 't_item': 0.3245934159931494, 't_bcast': 0.00615766599366907, 't_driver': 0.00044662499567493796}
{'dataset': 'ml-100k', 'frac': 1.0, 'nnz': 97010, 'users': 943, 'items': 1152, 'cores': 8, 'rep': 0, 't_med': 0.6529477919975761, 't_min': 0.6226161670056172, 't_max': 0.6548117079946678, 't_user': 0.3205876660067588, 't_item': 0.3178065000101924, 't_bcast': 0.007641584001248702, 't_driver': 0.000446832986199297}
{'dataset': 'ml-100k', 'frac': 1.0, 'nnz': 97010, 'users': 943, 'items': 1152, 'cores': 8, 'rep': 1, 't_med': 0.6398874589940533, 't_min': 0.6350532910000766, 't_max': 0.6558668330108048, 't_user': 0.3208315829979256, 't_item': 0.3148432500020135, 't_bcast': 0.00791679200483486, 't_driver': 0.0006396659882739186}
{'dataset': 'ml-100k', 'frac': 1.0, 'nnz': 97010, 'users': 943, 'items': 1152, 'cores': 8, 'rep': 2, 't_med': 0.6317307499994058, 't_min': 0.629511499995715, 't_max': 0.6938314160070149, 't_user': 0.31464429199695587, 't_item': 0.3126368749944959, 't_bcast': 0.006377250014338642, 't_driver': 0.0003970419929828495}
{'dataset': 'ml-1m', 'frac': 0.1, 'nnz': 99352, 'users': 6040, 'items': 3257, 'cores': 8, 'rep': 0, 't_med': 0.696028499995009, 't_min': 0.6891983750101645, 't_max': 0.7088017079950077, 't_user': 0.33796258398797363, 't_item': 0.3428376250085421, 't_bcast': 0.016520124991075136, 't_driver': 0.0006359170074574649}
{'dataset': 'ml-1m', 'frac': 0.1, 'nnz': 99352, 'users': 6040, 'items': 3257, 'cores': 8, 'rep': 1, 't_med': 0.6964102920028381, 't_min': 0.6914950000063982, 't_max': 0.7017183330026455, 't_user': 0.33869658400362823, 't_item': 0.3408784170023864, 't_bcast': 0.015880292005022056, 't_driver': 0.0006565829971805215}
{'dataset': 'ml-1m', 'frac': 0.1, 'nnz': 99352, 'users': 6040, 'items': 3257, 'cores': 8, 'rep': 2, 't_med': 0.6877155000111088, 't_min': 0.6799992919986835, 't_max': 0.6884884169994621, 't_user': 0.33271425000566524, 't_item': 0.33714033401338384, 't_bcast': 0.009234875004040077, 't_driver': 0.0006823749863542616}
{'dataset': 'ml-1m', 'frac': 0.25, 'nnz': 247751, 'users': 6040, 'items': 3260, 'cores': 8, 'rep': 0, 't_med': 0.7082997079996858, 't_min': 0.7036000410007546, 't_max': 0.7566676669957815, 't_user': 0.359230749993003, 't_item': 0.35110850000637583, 't_bcast': 0.008045666007092223, 't_driver': 0.0007092080049915239}
{'dataset': 'ml-1m', 'frac': 0.25, 'nnz': 247751, 'users': 6040, 'items': 3260, 'cores': 8, 'rep': 1, 't_med': 0.713098958003684, 't_min': 0.6970344579895027, 't_max': 0.7372821659955662, 't_user': 0.35172145800606813, 't_item': 0.35317412500444334, 't_bcast': 0.007687499994062819, 't_driver': 0.0005293750000419095}
{'dataset': 'ml-1m', 'frac': 0.25, 'nnz': 247751, 'users': 6040, 'items': 3260, 'cores': 8, 'rep': 2, 't_med': 0.7578163750004023, 't_min': 0.7470772920059972, 't_max': 0.7710883749969071, 't_user': 0.36905224999645725, 't_item': 0.3683962920040358, 't_bcast': 0.01718483300646767, 't_driver': 0.0007616249931743369}
{'dataset': 'ml-1m', 'frac': 0.5, 'nnz': 496605, 'users': 6040, 'items': 3260, 'cores': 8, 'rep': 0, 't_med': 0.7623137089976808, 't_min': 0.758066249996773, 't_max': 0.7762219159922097, 't_user': 0.3795300420024432, 't_item': 0.37389129199436866, 't_bcast': 0.010886957985349, 't_driver': 0.0007977500063134357}
{'dataset': 'ml-1m', 'frac': 0.5, 'nnz': 496605, 'users': 6040, 'items': 3260, 'cores': 8, 'rep': 1, 't_med': 0.7690417919948231, 't_min': 0.7478466250031488, 't_max': 0.7866648330091266, 't_user': 0.37853420799365267, 't_item': 0.3810337909962982, 't_bcast': 0.00876675100880675, 't_driver': 0.000545625007362105}
{'dataset': 'ml-1m', 'frac': 0.5, 'nnz': 496605, 'users': 6040, 'items': 3260, 'cores': 8, 'rep': 2, 't_med': 0.7679942919930909, 't_min': 0.7640881249972153, 't_max': 0.773306291011977, 't_user': 0.3812619590025861, 't_item': 0.373681500001112, 't_bcast': 0.008172582995030098, 't_driver': 0.0007313749956665561}
{'dataset': 'ml-1m', 'frac': 1.0, 'nnz': 992499, 'users': 6040, 'items': 3260, 'cores': 8, 'rep': 0, 't_med': 0.9391601670067757, 't_min': 0.9203606249939185, 't_max': 0.9394447499944363, 't_user': 0.45826041699911, 't_item': 0.4726807499973802, 't_bcast': 0.008484916994348168, 't_driver': 0.0005817909986944869}
{'dataset': 'ml-1m', 'frac': 1.0, 'nnz': 992499, 'users': 6040, 'items': 3260, 'cores': 8, 'rep': 1, 't_med': 0.9904990409995662, 't_min': 0.9244667080056388, 't_max': 1.0099798329902114, 't_user': 0.4812757920008153, 't_item': 0.4875025839864975, 't_bcast': 0.008977416000561789, 't_driver': 0.0006180830096127465}
{'dataset': 'ml-1m', 'frac': 1.0, 'nnz': 992499, 'users': 6040, 'items': 3260, 'cores': 8, 'rep': 2, 't_med': 0.9905608749977546, 't_min': 0.9821436250058468, 't_max': 1.0631578330066986, 't_user': 0.46589454100467265, 't_item': 0.5107957089931006, 't_bcast': 0.008490959007758647, 't_driver': 0.000550166005268693}
{'dataset': 'ml-10m', 'frac': 0.1, 'nnz': 992370, 'users': 69878, 'items': 9708, 'cores': 8, 'rep': 0, 't_med': 1.1236896660120692, 't_min': 1.0679343329975381, 't_max': 1.24505779100582, 't_user': 0.5435310000029858, 't_item': 0.5363684999902034, 't_bcast': 0.04194150000694208, 't_driver': 0.001648165998631157}
{'dataset': 'ml-10m', 'frac': 0.1, 'nnz': 992370, 'users': 69878, 'items': 9708, 'cores': 8, 'rep': 1, 't_med': 1.041682832990773, 't_min': 1.0300611669954378, 't_max': 1.0477329999994254, 't_user': 0.5017559999978403, 't_item': 0.4916905830032192, 't_bcast': 0.04437970901199151, 't_driver': 0.0014519999967887998}
{'dataset': 'ml-10m', 'frac': 0.1, 'nnz': 992370, 'users': 69878, 'items': 9708, 'cores': 8, 'rep': 2, 't_med': 1.1003504999971483, 't_min': 1.063519457995426, 't_max': 1.1157670410029823, 't_user': 0.5409334580035647, 't_item': 0.4946930000005523, 't_bcast': 0.04445374998613261, 't_driver': 0.0024546250060666353}
{'dataset': 'ml-10m', 'frac': 0.25, 'nnz': 2483740, 'users': 69878, 'items': 9708, 'cores': 8, 'rep': 0, 't_med': 1.6408892910112627, 't_min': 1.5834821669996018, 't_max': 1.7496282079955563, 't_user': 0.7966400410077767, 't_item': 0.7916465000016615, 't_bcast': 0.051054124996881, 't_driver': 0.0015486250049434602}
{'dataset': 'ml-10m', 'frac': 0.25, 'nnz': 2483740, 'users': 69878, 'items': 9708, 'cores': 8, 'rep': 1, 't_med': 1.701584250011365, 't_min': 1.6421946250047768, 't_max': 1.7403844999935245, 't_user': 0.84355666700867, 't_item': 0.7780699580034707, 't_bcast': 0.04809995800314937, 't_driver': 0.0017499169916845858}
{'dataset': 'ml-10m', 'frac': 0.25, 'nnz': 2483740, 'users': 69878, 'items': 9708, 'cores': 8, 'rep': 2, 't_med': 1.6465995409962488, 't_min': 1.5688819999922998, 't_max': 1.6668793340068078, 't_user': 0.8025129999878118, 't_item': 0.7884520419902401, 't_bcast': 0.05086604198731948, 't_driver': 0.0015856669924687594}
{'dataset': 'ml-10m', 'frac': 0.5, 'nnz': 4964310, 'users': 69878, 'items': 9708, 'cores': 8, 'rep': 0, 't_med': 2.7969129999983124, 't_min': 2.7241490830056136, 't_max': 2.8488307500083465, 't_user': 1.348649583000224, 't_item': 1.386997458001133, 't_bcast': 0.04952654099906795, 't_driver': 0.002024875007919036}
{'dataset': 'ml-10m', 'frac': 0.5, 'nnz': 4964310, 'users': 69878, 'items': 9708, 'cores': 8, 'rep': 1, 't_med': 2.855466792010702, 't_min': 2.7097339589963667, 't_max': 2.9783230000030017, 't_user': 1.4184058749960968, 't_item': 1.3803410830005305, 't_bcast': 0.05180529200879391, 't_driver': 0.001706292008748278}
{'dataset': 'ml-10m', 'frac': 0.5, 'nnz': 4964310, 'users': 69878, 'items': 9708, 'cores': 8, 'rep': 2, 't_med': 2.8401188330026343, 't_min': 2.772228082991205, 't_max': 2.920660167001188, 't_user': 1.4072808340133633, 't_item': 1.382089332997566, 't_bcast': 0.04956512397620827, 't_driver': 0.0016786250052973628}
{'dataset': 'ml-10m', 'frac': 1.0, 'nnz': 9925593, 'users': 69878, 'items': 9708, 'cores': 8, 'rep': 0, 't_med': 5.137523874989711, 't_min': 5.113749249983812, 't_max': 5.156552750006085, 't_user': 2.569094457983738, 't_item': 2.5005585420003626, 't_bcast': 0.05876916699344292, 't_driver': 0.001769916998455301}
{'dataset': 'ml-10m', 'frac': 1.0, 'nnz': 9925593, 'users': 69878, 'items': 9708, 'cores': 8, 'rep': 1, 't_med': 5.325658541027224, 't_min': 5.288826291973237, 't_max': 5.491049667005427, 't_user': 2.6416532089933753, 't_item': 2.587952542002313, 't_bcast': 0.10148625000147149, 't_driver': 0.00293874999624677}
{'dataset': 'ml-10m', 'frac': 1.0, 'nnz': 9925593, 'users': 69878, 'items': 9708, 'cores': 8, 'rep': 2, 't_med': 5.147310582979117, 't_min': 5.061761999997543, 't_max': 5.20402937498875, 't_user': 2.5378192079951987, 't_item': 2.5267077079915907, 't_bcast': 0.0636558749829419, 't_driver': 0.0016774999967310578}
-> /Users/thomassinapi/eals-spark/results/volume_scaling.csv  (36 rows)
===== rddvsdf --datasets ml-100k,ml-1m --cores 8 --iters 4 --reps 2 @ 15:22:21 =====
{'dataset': 'ml-100k', 'impl': 'rdd-broadcast', 'rep': 0, 't_med': 0.6486369580088649, 't_min': 0.6275712079950608, 't_max': 0.6641477920056786, 't_user': 0.3165441250021104, 't_item': 0.3085847089823801, 't_bcast': 0.006892875040648505, 't_driver': 0.0008916250080801547}
{'dataset': 'ml-100k', 'impl': 'dataframe-join', 'rep': 0, 't_med': 2.6156248330080416, 't_min': 2.5973719579924364, 't_max': 3.8118258329923265, 't_user': 1.2937272500130348, 't_item': 1.3218943329993635, 't_bcast': 0.0, 't_driver': 0.0}
{'dataset': 'ml-100k', 'impl': 'rdd-broadcast', 'rep': 1, 't_med': 0.6527183750004042, 't_min': 0.6345822500006761, 't_max': 0.668239666003501, 't_user': 0.3312824580061715, 't_item': 0.3083111669984646, 't_bcast': 0.00623658302356489, 't_driver': 0.0006800830014981329}
{'dataset': 'ml-100k', 'impl': 'dataframe-join', 'rep': 1, 't_med': 2.11154045801959, 't_min': 1.9436705420084763, 't_max': 2.3300558339979034, 't_user': 0.988843667000765, 't_item': 1.040554292005254, 't_bcast': 0.0, 't_driver': 0.0}
{'dataset': 'ml-1m', 'impl': 'rdd-broadcast', 'rep': 0, 't_med': 0.921326332987519, 't_min': 0.8852545410045423, 't_max': 0.959305916010635, 't_user': 0.44774412500555627, 't_item': 0.44262616700143553, 't_bcast': 0.008500791009282693, 't_driver': 0.0006814159860368818}
{'dataset': 'ml-1m', 'impl': 'dataframe-join', 'rep': 0, 't_med': 4.106897833000403, 't_min': 3.9858253330166917, 't_max': 6.02730754201184, 't_user': 2.1439231249969453, 't_item': 1.9922685839992482, 't_bcast': 0.0, 't_driver': 0.0}
{'dataset': 'ml-1m', 'impl': 'rdd-broadcast', 'rep': 1, 't_med': 0.9307748750143219, 't_min': 0.9195036249875557, 't_max': 1.2711437919933815, 't_user': 0.47240933298598975, 't_item': 0.45577324999612756, 't_bcast': 0.008005292009329423, 't_driver': 0.0006409170164261013}
{'dataset': 'ml-1m', 'impl': 'dataframe-join', 'rep': 1, 't_med': 3.735925834014779, 't_min': 3.063701207982376, 't_max': 4.1807170000101905, 't_user': 1.9458344170125201, 't_item': 1.8103530409862287, 't_bcast': 0.0, 't_driver': 0.0}
-> /Users/thomassinapi/eals-spark/results/rdd_vs_df.csv  (8 rows)
===== crossover --datasets ml-100k,ml-1m,ml-10m --cores 8 --iters 3 --reps 3 @ 15:23:52 =====
{'dataset': 'ml-100k', 'frac': 0.05, 'nnz': 4869, 'users': 943, 'items': 1151, 't_numpy': 0.0055830556666478515, 't_spark': 0.6531721249921247, 'cores': 8}
{'dataset': 'ml-100k', 'frac': 0.1, 'nnz': 9721, 'users': 943, 'items': 1152, 't_numpy': 0.010267069340140248, 't_spark': 0.6998996670008637, 'cores': 8}
{'dataset': 'ml-100k', 'frac': 0.25, 'nnz': 24156, 'users': 943, 'items': 1152, 't_numpy': 0.023912291663388412, 't_spark': 0.6552626249904279, 'cores': 8}
{'dataset': 'ml-100k', 'frac': 0.5, 'nnz': 48202, 'users': 943, 'items': 1152, 't_numpy': 0.04251869434180359, 't_spark': 0.6712469170161057, 'cores': 8}
{'dataset': 'ml-100k', 'frac': 1.0, 'nnz': 97010, 'users': 943, 'items': 1152, 't_numpy': 0.08336556966726978, 't_spark': 0.7005570000037551, 'cores': 8}
{'dataset': 'ml-1m', 'frac': 0.05, 'nnz': 49391, 'users': 6040, 'items': 3259, 't_numpy': 0.04318597199744545, 't_spark': 0.7145701670087874, 'cores': 8}
{'dataset': 'ml-1m', 'frac': 0.1, 'nnz': 99413, 'users': 6040, 'items': 3260, 't_numpy': 0.08842356933746487, 't_spark': 0.7168967089965008, 'cores': 8}
{'dataset': 'ml-1m', 'frac': 0.25, 'nnz': 247684, 'users': 6040, 'items': 3260, 't_numpy': 0.23151136133431768, 't_spark': 0.7215440419968218, 'cores': 8}
{'dataset': 'ml-1m', 'frac': 0.5, 'nnz': 495444, 'users': 6040, 'items': 3260, 't_numpy': 0.45706281933235005, 't_spark': 0.7991912080033217, 'cores': 8}
{'dataset': 'ml-1m', 'frac': 1.0, 'nnz': 992499, 'users': 6040, 'items': 3260, 't_numpy': 1.0845101249966926, 't_spark': 0.9755778340040706, 'cores': 8}
{'dataset': 'ml-10m', 'frac': 0.05, 'nnz': 496717, 'users': 69877, 'items': 9707, 't_numpy': 0.56867406933452, 't_spark': 0.8959364999900572, 'cores': 8}
{'dataset': 'ml-10m', 'frac': 0.1, 'nnz': 993277, 'users': 69878, 'items': 9707, 't_numpy': 1.0283926390014433, 't_spark': 1.1153350420063362, 'cores': 8}
{'dataset': 'ml-10m', 'frac': 0.25, 'nnz': 2478708, 'users': 69878, 'items': 9708, 't_numpy': 2.899499138661971, 't_spark': 1.2753964999865275, 'cores': 8}
{'dataset': 'ml-10m', 'frac': 0.5, 'nnz': 4963821, 'users': 69878, 'items': 9708, 't_numpy': 5.9481352639947245, 't_spark': 2.6073614999768324, 'cores': 8}
{'dataset': 'ml-10m', 'frac': 1.0, 'nnz': 9925593, 'users': 69878, 'items': 9708, 't_numpy': 11.91163780533437, 't_spark': 4.081889416003833, 'cores': 8}
-> /Users/thomassinapi/eals-spark/results/spark_vs_numpy.csv  (15 rows)
===== strong --dataset ml-1m --iters 4 --reps 3 @ 15:29:45 =====
{'dataset': 'ml-1m', 'cores': 1, 'rep': 0, 'partitions': 2, 't_med': 1.0813944160181563, 't_min': 1.0713361660018563, 't_max': 1.1287303749995772, 't_user': 0.541108167002676, 't_item': 0.5327841659891419, 't_bcast': 0.007108958001481369, 't_driver': 0.00040145800448954105}
{'dataset': 'ml-1m', 'cores': 1, 'rep': 1, 'partitions': 2, 't_med': 1.0617707079800311, 't_min': 1.0560996669810265, 't_max': 1.0619557090103626, 't_user': 0.5276770839991514, 't_item': 0.5256425419938751, 't_bcast': 0.006148458982352167, 't_driver': 0.0004477909824345261}
{'dataset': 'ml-1m', 'cores': 1, 'rep': 2, 'partitions': 2, 't_med': 1.0976473340124357, 't_min': 1.0803061659971718, 't_max': 1.109106709016487, 't_user': 0.5656209999870043, 't_item': 0.5262246670026798, 't_bcast': 0.007327709026867524, 't_driver': 0.0003725420101545751}
{'dataset': 'ml-1m', 'cores': 2, 'rep': 0, 'partitions': 4, 't_med': 0.7359222079976462, 't_min': 0.7332956670143176, 't_max': 0.7504482080112211, 't_user': 0.37399145800736733, 't_item': 0.367256958008511, 't_bcast': 0.005810334027046338, 't_driver': 0.00040154100861400366}
{'dataset': 'ml-1m', 'cores': 2, 'rep': 1, 'partitions': 4, 't_med': 0.7520457079808693, 't_min': 0.7501739999861456, 't_max': 0.7586772499780636, 't_user': 0.37907587498193607, 't_item': 0.37262479099445045, 't_bcast': 0.005424542003311217, 't_driver': 0.00043908398947678506}
{'dataset': 'ml-1m', 'cores': 2, 'rep': 2, 'partitions': 4, 't_med': 0.7241251249797642, 't_min': 0.7186306249932386, 't_max': 0.7375097910116892, 't_user': 0.3642127919883933, 't_item': 0.3563840000133496, 't_bcast': 0.005529125017346814, 't_driver': 0.00044016598258167505}
{'dataset': 'ml-1m', 'cores': 4, 'rep': 0, 'partitions': 8, 't_med': 0.5585653750167694, 't_min': 0.5562046659761108, 't_max': 0.5723780830157921, 't_user': 0.2801542920060456, 't_item': 0.27488737500971183, 't_bcast': 0.00611354096326977, 't_driver': 0.0005987909971736372}
{'dataset': 'ml-1m', 'cores': 4, 'rep': 1, 'partitions': 8, 't_med': 0.571181917010108, 't_min': 0.569335084001068, 't_max': 0.6724268750112969, 't_user': 0.28201745901606046, 't_item': 0.2807632499898318, 't_bcast': 0.006125082989456132, 't_driver': 0.00047733300016261637}
{'dataset': 'ml-1m', 'cores': 4, 'rep': 2, 'partitions': 8, 't_med': 0.5667672090057749, 't_min': 0.5586462080245838, 't_max': 0.5696688749885652, 't_user': 0.2771369589900132, 't_item': 0.28318529200623743, 't_bcast': 0.00635787402279675, 't_driver': 0.0007482499931938946}
{'dataset': 'ml-1m', 'cores': 8, 'rep': 0, 'partitions': 16, 't_med': 0.6495574580039829, 't_min': 0.6438839159964118, 't_max': 0.673780875018565, 't_user': 0.31972895801300183, 't_item': 0.32041125002433546, 't_bcast': 0.007620625023264438, 't_driver': 0.0009495829872321337}
{'dataset': 'ml-1m', 'cores': 8, 'rep': 1, 'partitions': 16, 't_med': 0.6634465000242926, 't_min': 0.6454437500215136, 't_max': 0.6955357080150861, 't_user': 0.329893791989889, 't_item': 0.3207087080227211, 't_bcast': 0.009837874997174367, 't_driver': 0.0009445420000702143}
{'dataset': 'ml-1m', 'cores': 8, 'rep': 2, 'partitions': 16, 't_med': 0.668118500005221, 't_min': 0.6615059169998858, 't_max': 0.6824848340183962, 't_user': 0.3346382919989992, 't_item': 0.3276807079964783, 't_bcast': 0.0068486670206766576, 't_driver': 0.0010204169957432896}
-> /Users/thomassinapi/eals-spark/results/strong_scaling_ml-1m.csv  (12 rows)
===== weak --dataset ml-10m --iters 4 --reps 3 @ 15:31:22 =====
{'dataset': 'ml-10m', 'cores': 1, 'frac': 0.125, 'nnz': 1241348, 'rep': 0, 't_med': 1.4239987909968477, 't_min': 1.403775917016901, 't_max': 1.4814470410055947, 't_user': 0.7292224159755278, 't_item': 0.6767005830188282, 't_bcast': 0.02400254100211896, 't_driver': 0.0008362499938812107}
{'dataset': 'ml-10m', 'cores': 1, 'frac': 0.125, 'nnz': 1239835, 'rep': 1, 't_med': 1.375704375008354, 't_min': 1.3455224999925122, 't_max': 1.4274078749876935, 't_user': 0.6703008339973167, 't_item': 0.682246500015026, 't_bcast': 0.022820290992967784, 't_driver': 0.0009965829958673567}
{'dataset': 'ml-10m', 'cores': 1, 'frac': 0.125, 'nnz': 1240594, 'rep': 2, 't_med': 1.427787167020142, 't_min': 1.3578751659952104, 't_max': 1.4905539579922333, 't_user': 0.6879614579956979, 't_item': 0.6853479589917697, 't_bcast': 0.022468167007900774, 't_driver': 0.0010167500004172325}
{'dataset': 'ml-10m', 'cores': 2, 'frac': 0.25, 'nnz': 2478892, 'rep': 0, 't_med': 1.5856810410041362, 't_min': 1.5250963750004303, 't_max': 1.8811038340209052, 't_user': 0.7935945840144996, 't_item': 0.767536958999699, 't_bcast': 0.023594956990564242, 't_driver': 0.0009988330129999667}
{'dataset': 'ml-10m', 'cores': 2, 'frac': 0.25, 'nnz': 2482170, 'rep': 1, 't_med': 1.5974995830038097, 't_min': 1.5789490830211435, 't_max': 1.8454058329807594, 't_user': 0.7886597909964621, 't_item': 0.7903935829817783, 't_bcast': 0.025062792032258585, 't_driver': 0.0009138750028796494}
{'dataset': 'ml-10m', 'cores': 2, 'frac': 0.25, 'nnz': 2480597, 'rep': 2, 't_med': 1.564968749997206, 't_min': 1.5352065409824718, 't_max': 1.7413000419910531, 't_user': 0.7698340000060853, 't_item': 0.7690985830267891, 't_bcast': 0.02510241698473692, 't_driver': 0.0009959579911082983}
{'dataset': 'ml-10m', 'cores': 4, 'frac': 0.5, 'nnz': 4961434, 'rep': 0, 't_med': 2.665180124982726, 't_min': 2.6248746250057593, 't_max': 2.693958499992732, 't_user': 1.3345292500162032, 't_item': 1.2916989579971414, 't_bcast': 0.041631291998783126, 't_driver': 0.001886124984594062}
{'dataset': 'ml-10m', 'cores': 4, 'frac': 0.5, 'nnz': 4963054, 'rep': 1, 't_med': 2.119129916012753, 't_min': 2.1190050410223193, 't_max': 2.1201295839855447, 't_user': 1.0339897079975344, 't_item': 1.0449367919936776, 't_bcast': 0.03850837502977811, 't_driver': 0.0015701660013291985}
{'dataset': 'ml-10m', 'cores': 4, 'frac': 0.5, 'nnz': 4965181, 'rep': 2, 't_med': 2.299738041998353, 't_min': 2.259989290992962, 't_max': 2.4428337500139605, 't_user': 1.126818958990043, 't_item': 1.1477949999971315, 't_bcast': 0.03788458200870082, 't_driver': 0.0015492499805986881}
{'dataset': 'ml-10m', 'cores': 8, 'frac': 1.0, 'nnz': 9925593, 'rep': 0, 't_med': 6.780721499992069, 't_min': 6.2069800829922315, 't_max': 8.412724708003225, 't_user': 3.171413375006523, 't_item': 3.3194119169784244, 't_bcast': 0.08545908299856819, 't_driver': 0.0036440420080907643}
{'dataset': 'ml-10m', 'cores': 8, 'frac': 1.0, 'nnz': 9925593, 'rep': 1, 't_med': 19.703795666981023, 't_min': 12.712987917009741, 't_max': 20.904618125001434, 't_user': 8.137268082995433, 't_item': 10.28850950000924, 't_bcast': 0.13910674999351613, 't_driver': 0.0036177500151097775}
{'dataset': 'ml-10m', 'cores': 8, 'frac': 1.0, 'nnz': 9925593, 'rep': 2, 't_med': 8.8090515829972, 't_min': 8.612636666977778, 't_max': 11.377302124979906, 't_user': 4.44138583302265, 't_item': 4.26376237499062, 't_bcast': 0.10178641698439606, 't_driver': 0.002749291976215318}
-> /Users/thomassinapi/eals-spark/results/weak_scaling_ml-10m.csv  (12 rows)
===== strong --dataset ml-10m --iters 4 --reps 3 @ 15:37:22 =====
{'dataset': 'ml-10m', 'cores': 1, 'rep': 0, 'partitions': 2, 't_med': 17.024738041014643, 't_min': 15.434666041983292, 't_max': 17.462726333003957, 't_user': 8.16658741698484, 't_item': 8.14261016700766, 't_bcast': 0.036927833018125966, 't_driver': 0.0013861669867765158}
{'dataset': 'ml-10m', 'cores': 1, 'rep': 1, 'partitions': 2, 't_med': 14.998640541016357, 't_min': 13.404201875004219, 't_max': 16.61810875000083, 't_user': 7.557427374995314, 't_item': 7.406763250008225, 't_bcast': 0.035468249989207834, 't_driver': 0.0011060410179197788}
{'dataset': 'ml-10m', 'cores': 1, 'rep': 2, 'partitions': 2, 't_med': 12.599453832983272, 't_min': 12.516165541979717, 't_max': 14.387626499985345, 't_user': 6.170503708999604, 't_item': 6.431541291996837, 't_bcast': 0.031409374991199, 't_driver': 0.000922957988223061}
{'dataset': 'ml-10m', 'cores': 2, 'rep': 0, 'partitions': 4, 't_med': 10.996929957997054, 't_min': 10.590465041983407, 't_max': 11.373456874978729, 't_user': 5.509716125001432, 't_item': 5.5685203750035726, 't_bcast': 0.053266916977008805, 't_driver': 0.001523457991424948}
{'dataset': 'ml-10m', 'cores': 2, 'rep': 1, 'partitions': 4, 't_med': 10.06027924999944, 't_min': 9.919624375004787, 't_max': 10.085475959000178, 't_user': 5.094089291989803, 't_item': 4.9246015830140095, 't_bcast': 0.03979233300196938, 't_driver': 0.001308208011323586}
{'dataset': 'ml-10m', 'cores': 2, 'rep': 2, 'partitions': 4, 't_med': 9.02261895799893, 't_min': 8.893094708997523, 't_max': 9.049542583001312, 't_user': 4.512983500026166, 't_item': 4.452391041995725, 't_bcast': 0.03302170900860801, 't_driver': 0.0019027079979423434}
{'dataset': 'ml-10m', 'cores': 4, 'rep': 0, 'partitions': 8, 't_med': 7.133568791003199, 't_min': 6.9980604170123115, 't_max': 7.273830291000195, 't_user': 3.557321625004988, 't_item': 3.5044738329888787, 't_bcast': 0.04892341702361591, 't_driver': 0.0015275829937309027}
{'dataset': 'ml-10m', 'cores': 4, 'rep': 1, 'partitions': 8, 't_med': 7.303086291998625, 't_min': 7.273929207993206, 't_max': 7.3988833330222405, 't_user': 3.66068745899247, 't_item': 3.6279999160033185, 't_bcast': 0.042255790991475806, 't_driver': 0.0017425830010324717}
{'dataset': 'ml-10m', 'cores': 4, 'rep': 2, 'partitions': 8, 't_med': 7.172685708006611, 't_min': 7.1723376250010915, 't_max': 7.23298629099736, 't_user': 3.566614541981835, 't_item': 3.5593387500266545, 't_bcast': 0.04305054200813174, 't_driver': 0.001594458008185029}
{'dataset': 'ml-10m', 'cores': 8, 'rep': 0, 'partitions': 16, 't_med': 7.01118870798382, 't_min': 7.001429708005162, 't_max': 7.131313166988548, 't_user': 3.4648072920099366, 't_item': 3.4742545420012902, 't_bcast': 0.07049287398695014, 't_driver': 0.002050082985078916}
{'dataset': 'ml-10m', 'cores': 8, 'rep': 1, 'partitions': 16, 't_med': 7.425124582980061, 't_min': 6.993694750010036, 't_max': 8.517589416005649, 't_user': 3.5728221249883063, 't_item': 3.7800757919903845, 't_bcast': 0.06990066601429135, 't_driver': 0.002121666999300942}
{'dataset': 'ml-10m', 'cores': 8, 'rep': 2, 'partitions': 16, 't_med': 7.90561595800682, 't_min': 7.599495333997766, 't_max': 8.680105625011493, 't_user': 3.824072832998354, 't_item': 4.012778125004843, 't_bcast': 0.08105312500265427, 't_driver': 0.0032838750048540533}
-> /Users/thomassinapi/eals-spark/results/strong_scaling_ml-10m.csv  (12 rows)
===== factors --dataset ml-1m --cores 8 --iters 4 --reps 3 --with-als --als-max-k 128 @ 15:51:54 =====
{'method': 'eALS-rdd', 'dataset': 'ml-1m', 'K': 8, 'cores': 8, 'rep': 0, 't_med': 0.8766227919841185, 't_min': 0.8488827499968465, 't_max': 0.970767833001446, 't_user': 0.44068145798519254, 't_item': 0.42756091701448895, 't_bcast': 0.008650750998640433, 't_driver': 0.001096000021789223}
{'method': 'eALS-rdd', 'dataset': 'ml-1m', 'K': 8, 'cores': 8, 'rep': 1, 't_med': 1.651928666018648, 't_min': 1.2166297499788925, 't_max': 2.0929351660015527, 't_user': 0.908498167002108, 't_item': 0.7331065000034869, 't_bcast': 0.00914037399343215, 't_driver': 0.0007413329731207341}
{'method': 'eALS-rdd', 'dataset': 'ml-1m', 'K': 8, 'cores': 8, 'rep': 2, 't_med': 1.185857667005621, 't_min': 1.173757167009171, 't_max': 1.1944602080038749, 't_user': 0.5887349999975413, 't_item': 0.5741398330137599, 't_bcast': 0.009874042007140815, 't_driver': 0.0009717920038383454}
{'method': 'MLlib-ALS', 'dataset': 'ml-1m', 'K': 8, 'cores': 8, 'rep': 0, 't_med': -0.4659655416714183, 't_min': -0.4659655416714183, 't_max': -0.4659655416714183, 't_user': 0, 't_item': 0, 't_bcast': 0, 't_driver': 0}
{'method': 'eALS-rdd', 'dataset': 'ml-1m', 'K': 16, 'cores': 8, 'rep': 0, 't_med': 1.1614605840004515, 't_min': 1.115312083013123, 't_max': 1.2015682909986936, 't_user': 0.5587247920047957, 't_item': 0.565706916997442, 't_bcast': 0.01067420799518004, 't_driver': 0.0009159169858321548}
{'method': 'eALS-rdd', 'dataset': 'ml-1m', 'K': 16, 'cores': 8, 'rep': 1, 't_med': 1.1563000419992022, 't_min': 1.0878117920074146, 't_max': 1.2182285409944598, 't_user': 0.5145140410168096, 't_item': 0.6343714999966323, 't_bcast': 0.012569918006192893, 't_driver': 0.0008868750010151416}
{'method': 'eALS-rdd', 'dataset': 'ml-1m', 'K': 16, 'cores': 8, 'rep': 2, 't_med': 1.458699249982601, 't_min': 1.3965850420063362, 't_max': 1.5507311250257771, 't_user': 0.7133205419813748, 't_item': 0.753280833014287, 't_bcast': 0.014644249982666224, 't_driver': 0.0007782080210745335}
{'method': 'MLlib-ALS', 'dataset': 'ml-1m', 'K': 16, 'cores': 8, 'rep': 0, 't_med': 0.35211030567491736, 't_min': 0.35211030567491736, 't_max': 0.35211030567491736, 't_user': 0, 't_item': 0, 't_bcast': 0, 't_driver': 0}
{'method': 'eALS-rdd', 'dataset': 'ml-1m', 'K': 32, 'cores': 8, 'rep': 0, 't_med': 2.1562867499887943, 't_min': 2.153728000004776, 't_max': 3.001591374981217, 't_user': 1.1145763749955222, 't_item': 1.1046683749882504, 't_bcast': 0.017827332980232313, 't_driver': 0.001141999993706122}
{'method': 'eALS-rdd', 'dataset': 'ml-1m', 'K': 32, 'cores': 8, 'rep': 1, 't_med': 1.4049635000119451, 't_min': 1.1822015000216197, 't_max': 1.5432704580016434, 't_user': 0.6917007910087705, 't_item': 0.698578790994361, 't_bcast': 0.014559792005456984, 't_driver': 0.0008705840155016631}
{'method': 'eALS-rdd', 'dataset': 'ml-1m', 'K': 32, 'cores': 8, 'rep': 2, 't_med': 1.5467267500062007, 't_min': 1.247261874988908, 't_max': 1.7480219579883851, 't_user': 0.7902677080128342, 't_item': 0.7422687080106698, 't_bcast': 0.013522833003662527, 't_driver': 0.0007603749982081354}
{'method': 'MLlib-ALS', 'dataset': 'ml-1m', 'K': 32, 'cores': 8, 'rep': 0, 't_med': 0.24033704167231917, 't_min': 0.24033704167231917, 't_max': 0.24033704167231917, 't_user': 0, 't_item': 0, 't_bcast': 0, 't_driver': 0}
{'method': 'eALS-rdd', 'dataset': 'ml-1m', 'K': 64, 'cores': 8, 'rep': 0, 't_med': 1.7552945419738535, 't_min': 1.7257558749988675, 't_max': 1.888101208023727, 't_user': 0.8834970830066595, 't_item': 0.8620396669721231, 't_bcast': 0.02086004099692218, 't_driver': 0.001347166980849579}
{'method': 'eALS-rdd', 'dataset': 'ml-1m', 'K': 64, 'cores': 8, 'rep': 1, 't_med': 1.7533921249851119, 't_min': 1.615530500013847, 't_max': 2.195484583004145, 't_user': 0.8991288340184838, 't_item': 0.8324112910195254, 't_bcast': 0.01981362499645911, 't_driver': 0.0012325000134296715}
{'method': 'eALS-rdd', 'dataset': 'ml-1m', 'K': 64, 'cores': 8, 'rep': 2, 't_med': 1.755022375000408, 't_min': 1.566766625008313, 't_max': 2.56181770801777, 't_user': 0.814799582993146, 't_item': 0.9189462920185179, 't_bcast': 0.02039929199963808, 't_driver': 0.0010877499880734831}
{'method': 'MLlib-ALS', 'dataset': 'ml-1m', 'K': 64, 'cores': 8, 'rep': 0, 't_med': 1.2316918196641684, 't_min': 1.2316918196641684, 't_max': 1.2316918196641684, 't_user': 0, 't_item': 0, 't_bcast': 0, 't_driver': 0}
{'method': 'eALS-rdd', 'dataset': 'ml-1m', 'K': 128, 'cores': 8, 'rep': 0, 't_med': 2.716920292004943, 't_min': 2.6733178330177907, 't_max': 3.349699957994744, 't_user': 1.432934957992984, 't_item': 1.2973934589826968, 't_bcast': 0.036919457983458415, 't_driver': 0.002098291995935142}
{'method': 'MLlib-ALS', 'dataset': 'ml-1m', 'K': 128, 'cores': 8, 'rep': 0, 't_med': 2.2486006386655695, 't_min': 2.2486006386655695, 't_max': 2.2486006386655695, 't_user': 0, 't_item': 0, 't_bcast': 0, 't_driver': 0}
{'method': 'eALS-rdd', 'dataset': 'ml-1m', 'K': 256, 'cores': 8, 'rep': 0, 't_med': 5.236950709018856, 't_min': 5.093219834001502, 't_max': 8.802690250013256, 't_user': 2.772153833997436, 't_item': 2.4008390420058277, 't_bcast': 0.05599579101544805, 't_driver': 0.003750625008251518}
-> /Users/thomassinapi/eals-spark/results/factor_scaling_ml-1m.csv  (19 rows)
===== convergence --dataset amazon-movies --cores 8 --iters 30 --k 32 @ 15:55:47 =====
-> /Users/thomassinapi/eals-spark/results/convergence_amazon-movies.csv  (30 rows)
===== convergence --dataset ml-1m --cores 8 --iters 30 --k 32 @ 15:56:50 =====
-> /Users/thomassinapi/eals-spark/results/convergence_ml-1m.csv  (30 rows)
===== quality --dataset amazon-movies --cores 8 --k 32 --als-iters 1 2 3 5 8 12 20 30 @ 15:57:53 =====
{'method': 'MostPopular', 'dataset': 'amazon-movies', 'K': 0, 'fit_s': 0.0, 'HR@10': 0.009662125667646883, 'HR@100': 0.051641361099441875, 'NDCG@10': 0.004617718455185876, 'NDCG@100': 0.012680413480160033}
{'method': 'eALS', 'dataset': 'amazon-movies', 'iter': 1, 'wall_s': 1.255250584013993, 'HR@10': 0.006481425913701014, 'HR@100': 0.03219708335833883, 'NDCG@10': 0.003269936122305838, 'NDCG@100': 0.008082614214862522}
{'method': 'eALS', 'dataset': 'amazon-movies', 'iter': 2, 'wall_s': 2.942216791998362, 'HR@10': 0.020014403168697112, 'HR@100': 0.0996519234231531, 'NDCG@10': 0.009547188078384698, 'NDCG@100': 0.024612896543352688}
{'method': 'eALS', 'dataset': 'amazon-movies', 'iter': 3, 'wall_s': 3.773712541034911, 'HR@10': 0.024905479205425192, 'HR@100': 0.12992858428854348, 'NDCG@10': 0.012141697362080282, 'NDCG@100': 0.03200487791379426}
{'method': 'eALS', 'dataset': 'amazon-movies', 'iter': 5, 'wall_s': 6.194871664978564, 'HR@10': 0.026765888495469004, 'HR@100': 0.14802256496429214, 'NDCG@10': 0.013344068534261176, 'NDCG@100': 0.036364833131143144}
{'method': 'eALS', 'dataset': 'amazon-movies', 'iter': 8, 'wall_s': 12.981054374977248, 'HR@10': 0.0282962251695373, 'HR@100': 0.1545339974794455, 'NDCG@10': 0.013860012954460306, 'NDCG@100': 0.03784131769505221}
{'method': 'eALS', 'dataset': 'amazon-movies', 'iter': 12, 'wall_s': 16.846961583039956, 'HR@10': 0.028716317589869773, 'HR@100': 0.1568745123927264, 'NDCG@10': 0.014139830964142919, 'NDCG@100': 0.03846603276645998}
{'method': 'eALS', 'dataset': 'amazon-movies', 'iter': 20, 'wall_s': 29.639348167955177, 'HR@10': 0.02940646942327312, 'HR@100': 0.1572045850087019, 'NDCG@10': 0.014243214416487465, 'NDCG@100': 0.03851554569010774}
{'method': 'eALS', 'dataset': 'amazon-movies', 'iter': 30, 'wall_s': 44.4280644969258, 'HR@10': 0.029106403408749926, 'HR@100': 0.15783472363920062, 'NDCG@10': 0.01415852954529326, 'NDCG@100': 0.0386434826760467}
{'method': 'eALS-uniform(alpha=0)', 'dataset': 'amazon-movies', 'iter': 1, 'wall_s': 1.304045083001256, 'HR@10': 0.006421412710796375, 'HR@100': 0.036428014163115884, 'NDCG@10': 0.00318173430149656, 'NDCG@100': 0.00881846698287537}
{'method': 'eALS-uniform(alpha=0)', 'dataset': 'amazon-movies', 'iter': 2, 'wall_s': 2.436434125993401, 'HR@10': 0.01581347896537238, 'HR@100': 0.08986977134969694, 'NDCG@10': 0.007580694562825694, 'NDCG@100': 0.021633316992808415}
{'method': 'eALS-uniform(alpha=0)', 'dataset': 'amazon-movies', 'iter': 3, 'wall_s': 3.221199915977195, 'HR@10': 0.01959431074836464, 'HR@100': 0.11222468943167496, 'NDCG@10': 0.009288598585315137, 'NDCG@100': 0.02676057013541914}
{'method': 'eALS-uniform(alpha=0)', 'dataset': 'amazon-movies', 'iter': 5, 'wall_s': 5.435532875009812, 'HR@10': 0.023135089719738343, 'HR@100': 0.12803816839704735, 'NDCG@10': 0.011178854678782506, 'NDCG@100': 0.030921039630101135}
{'method': 'eALS-uniform(alpha=0)', 'dataset': 'amazon-movies', 'iter': 8, 'wall_s': 8.817022917006398, 'HR@10': 0.024155314169117207, 'HR@100': 0.13556982536157955, 'NDCG@10': 0.011753467726820494, 'NDCG@100': 0.03286653698076147}
{'method': 'eALS-uniform(alpha=0)', 'dataset': 'amazon-movies', 'iter': 12, 'wall_s': 13.56770645902725, 'HR@10': 0.02448538678509272, 'HR@100': 0.13938066374602412, 'NDCG@10': 0.012076100999860062, 'NDCG@100': 0.033861357586693244}
{'method': 'eALS-uniform(alpha=0)', 'dataset': 'amazon-movies', 'iter': 20, 'wall_s': 22.703688210982364, 'HR@10': 0.024845466002520553, 'HR@100': 0.1427414031086839, 'NDCG@10': 0.012129670544522742, 'NDCG@100': 0.03439621588498746}
{'method': 'eALS-uniform(alpha=0)', 'dataset': 'amazon-movies', 'iter': 30, 'wall_s': 41.77918200197746, 'HR@10': 0.025025505611234473, 'HR@100': 0.14343155494208726, 'NDCG@10': 0.01211868056773537, 'NDCG@100': 0.03452110475566891}
{'method': 'MLlib-ALS', 'dataset': 'amazon-movies', 'iter': 1, 'wall_s': 5.779411625000648, 'HR@10': 0.005821280681749985, 'HR@100': 0.03678809338054372, 'NDCG@10': 0.0027998517266388306, 'NDCG@100': 0.008610842421482674}
{'method': 'MLlib-ALS', 'dataset': 'amazon-movies', 'iter': 2, 'wall_s': 2.576210999977775, 'HR@10': 0.01653363740022805, 'HR@100': 0.08464862269699334, 'NDCG@10': 0.008150386684082198, 'NDCG@100': 0.02106116480907751}
{'method': 'MLlib-ALS', 'dataset': 'amazon-movies', 'iter': 3, 'wall_s': 2.9160001249983907, 'HR@10': 0.01965432395126928, 'HR@100': 0.10238252415531417, 'NDCG@10': 0.00982577754559813, 'NDCG@100': 0.025516943820035852}
{'method': 'MLlib-ALS', 'dataset': 'amazon-movies', 'iter': 5, 'wall_s': 5.352467208984308, 'HR@10': 0.021934825661645563, 'HR@100': 0.11204464982296106, 'NDCG@10': 0.010815390957139346, 'NDCG@100': 0.02793560753079413}
{'method': 'MLlib-ALS', 'dataset': 'amazon-movies', 'iter': 8, 'wall_s': 6.391884791984921, 'HR@10': 0.022835023705215146, 'HR@100': 0.11777591070035408, 'NDCG@10': 0.011090323667602854, 'NDCG@100': 0.02903893483387757}
{'method': 'MLlib-ALS', 'dataset': 'amazon-movies', 'iter': 12, 'wall_s': 11.01678604100016, 'HR@10': 0.022985056712476745, 'HR@100': 0.11753585788873552, 'NDCG@10': 0.011063945192436109, 'NDCG@100': 0.028933942902802594}
{'method': 'MLlib-ALS', 'dataset': 'amazon-movies', 'iter': 20, 'wall_s': 17.48542416698183, 'HR@10': 0.02205485206745484, 'HR@100': 0.11864610214247134, 'NDCG@10': 0.010696303775142104, 'NDCG@100': 0.028942132920726782}
{'method': 'MLlib-ALS', 'dataset': 'amazon-movies', 'iter': 30, 'wall_s': 21.795999249996385, 'HR@10': 0.02160475304567005, 'HR@100': 0.11714577206985537, 'NDCG@10': 0.010575935666264868, 'NDCG@100': 0.02867178919816389}
-> /Users/thomassinapi/eals-spark/results/quality_amazon-movies.csv  (11 rows)
-> /Users/thomassinapi/eals-spark/results/quality_curve_amazon-movies.csv  (24 rows)
===== quality --dataset ml-1m --cores 8 --k 32 --als-iters 1 2 3 5 8 12 20 30 @ 16:05:00 =====
{'method': 'MostPopular', 'dataset': 'ml-1m', 'K': 0, 'fit_s': 0.0, 'HR@10': 0.023013245033112584, 'HR@100': 0.15347682119205297, 'NDCG@10': 0.011421714496624349, 'NDCG@100': 0.035940052123179876}
{'method': 'eALS', 'dataset': 'ml-1m', 'iter': 1, 'wall_s': 0.9906399589963257, 'HR@10': 0.027649006622516556, 'HR@100': 0.1650662251655629, 'NDCG@10': 0.012391213212447481, 'NDCG@100': 0.03834058614323787}
{'method': 'eALS', 'dataset': 'ml-1m', 'iter': 2, 'wall_s': 2.040406373969745, 'HR@10': 0.048344370860927154, 'HR@100': 0.29751655629139073, 'NDCG@10': 0.02344240357361298, 'NDCG@100': 0.07030656030645005}
{'method': 'eALS', 'dataset': 'ml-1m', 'iter': 3, 'wall_s': 3.270500834012637, 'HR@10': 0.05066225165562914, 'HR@100': 0.32665562913907287, 'NDCG@10': 0.024625413139662815, 'NDCG@100': 0.07685586904696348}
{'method': 'eALS', 'dataset': 'ml-1m', 'iter': 5, 'wall_s': 5.374951374978991, 'HR@10': 0.0576158940397351, 'HR@100': 0.3466887417218543, 'NDCG@10': 0.0275235290159904, 'NDCG@100': 0.08177810360845866}
{'method': 'eALS', 'dataset': 'ml-1m', 'iter': 8, 'wall_s': 8.157202208036324, 'HR@10': 0.056291390728476824, 'HR@100': 0.35894039735099337, 'NDCG@10': 0.02718932764217264, 'NDCG@100': 0.08422326804583435}
{'method': 'eALS', 'dataset': 'ml-1m', 'iter': 12, 'wall_s': 12.426958126074169, 'HR@10': 0.058443708609271526, 'HR@100': 0.3617549668874172, 'NDCG@10': 0.027914164185126863, 'NDCG@100': 0.08515707484934791}
{'method': 'eALS', 'dataset': 'ml-1m', 'iter': 20, 'wall_s': 19.15346391600906, 'HR@10': 0.05678807947019868, 'HR@100': 0.3630794701986755, 'NDCG@10': 0.027630143133164548, 'NDCG@100': 0.08569818738060266}
{'method': 'eALS', 'dataset': 'ml-1m', 'iter': 30, 'wall_s': 30.354028166970238, 'HR@10': 0.05927152317880795, 'HR@100': 0.3673841059602649, 'NDCG@10': 0.02806045159590709, 'NDCG@100': 0.08618602822941243}
{'method': 'eALS-uniform(alpha=0)', 'dataset': 'ml-1m', 'iter': 1, 'wall_s': 0.9297985000011977, 'HR@10': 0.026655629139072847, 'HR@100': 0.16556291390728478, 'NDCG@10': 0.012337131275260718, 'NDCG@100': 0.03846234801460231}
{'method': 'eALS-uniform(alpha=0)', 'dataset': 'ml-1m', 'iter': 2, 'wall_s': 1.8488726250070613, 'HR@10': 0.04486754966887417, 'HR@100': 0.2705298013245033, 'NDCG@10': 0.020994334046595953, 'NDCG@100': 0.06328501672545385}
{'method': 'eALS-uniform(alpha=0)', 'dataset': 'ml-1m', 'iter': 3, 'wall_s': 2.6906857909925748, 'HR@10': 0.047516556291390726, 'HR@100': 0.30115894039735097, 'NDCG@10': 0.02243585032157682, 'NDCG@100': 0.07024273783379804}
{'method': 'eALS-uniform(alpha=0)', 'dataset': 'ml-1m', 'iter': 5, 'wall_s': 4.57665624996298, 'HR@10': 0.048344370860927154, 'HR@100': 0.31903973509933775, 'NDCG@10': 0.023920417942804438, 'NDCG@100': 0.0749640260365813}
{'method': 'eALS-uniform(alpha=0)', 'dataset': 'ml-1m', 'iter': 8, 'wall_s': 7.355403250956442, 'HR@10': 0.05132450331125828, 'HR@100': 0.32814569536423843, 'NDCG@10': 0.02501465543846406, 'NDCG@100': 0.0770579327898936}
{'method': 'eALS-uniform(alpha=0)', 'dataset': 'ml-1m', 'iter': 12, 'wall_s': 11.11138495799969, 'HR@10': 0.05198675496688742, 'HR@100': 0.3350993377483444, 'NDCG@10': 0.02532206098232987, 'NDCG@100': 0.07865664038481639}
{'method': 'eALS-uniform(alpha=0)', 'dataset': 'ml-1m', 'iter': 20, 'wall_s': 22.47579300092184, 'HR@10': 0.05264900662251656, 'HR@100': 0.3400662251655629, 'NDCG@10': 0.025685776230111274, 'NDCG@100': 0.07996058288371535}
{'method': 'eALS-uniform(alpha=0)', 'dataset': 'ml-1m', 'iter': 30, 'wall_s': 31.702430461911717, 'HR@10': 0.051655629139072845, 'HR@100': 0.3387417218543046, 'NDCG@10': 0.025168605217235563, 'NDCG@100': 0.07960661034278853}
{'method': 'MLlib-ALS', 'dataset': 'ml-1m', 'iter': 1, 'wall_s': 3.5338667499891017, 'HR@10': 0.03096026490066225, 'HR@100': 0.19983443708609272, 'NDCG@10': 0.014894283566633837, 'NDCG@100': 0.0464569241193567}
{'method': 'MLlib-ALS', 'dataset': 'ml-1m', 'iter': 2, 'wall_s': 1.6291123339906335, 'HR@10': 0.04933774834437086, 'HR@100': 0.30695364238410594, 'NDCG@10': 0.02391595275532829, 'NDCG@100': 0.0726573985684727}
{'method': 'MLlib-ALS', 'dataset': 'ml-1m', 'iter': 3, 'wall_s': 1.9317811249929946, 'HR@10': 0.05364238410596026, 'HR@100': 0.3263245033112583, 'NDCG@10': 0.025327001844488668, 'NDCG@100': 0.0768972073145159}
{'method': 'MLlib-ALS', 'dataset': 'ml-1m', 'iter': 5, 'wall_s': 3.9034059169935063, 'HR@10': 0.05496688741721854, 'HR@100': 0.3352649006622517, 'NDCG@10': 0.026672367730225473, 'NDCG@100': 0.07969521913466751}
{'method': 'MLlib-ALS', 'dataset': 'ml-1m', 'iter': 8, 'wall_s': 4.517551207973156, 'HR@10': 0.05447019867549669, 'HR@100': 0.33278145695364236, 'NDCG@10': 0.026572693693093934, 'NDCG@100': 0.07950214501285031}
{'method': 'MLlib-ALS', 'dataset': 'ml-1m', 'iter': 12, 'wall_s': 6.246270542003913, 'HR@10': 0.05380794701986755, 'HR@100': 0.33311258278145695, 'NDCG@10': 0.026093212757387244, 'NDCG@100': 0.07929493868936408}
{'method': 'MLlib-ALS', 'dataset': 'ml-1m', 'iter': 20, 'wall_s': 9.75677400000859, 'HR@10': 0.05447019867549669, 'HR@100': 0.33642384105960266, 'NDCG@10': 0.025809285763281172, 'NDCG@100': 0.07926199685625542}
{'method': 'MLlib-ALS', 'dataset': 'ml-1m', 'iter': 30, 'wall_s': 14.54116087500006, 'HR@10': 0.05347682119205298, 'HR@100': 0.33725165562913906, 'NDCG@10': 0.02550648750170637, 'NDCG@100': 0.07925322927361998}
-> /Users/thomassinapi/eals-spark/results/quality_ml-1m.csv  (11 rows)
-> /Users/thomassinapi/eals-spark/results/quality_curve_ml-1m.csv  (24 rows)
===== hyper --dataset amazon-movies --cores 8 --iters 20 @ 16:09:49 =====
{'dataset': 'amazon-movies', 'grid': 'alpha', 'value': 0.0, 'fit_s': 20.60932908396353, 'K': 32, 'lam': 0.01, 'c0': 512.0, 'alpha': 0.0, 'HR@10': 0.024845466002520553, 'HR@100': 0.1427414031086839, 'NDCG@10': 0.012129670544522742, 'NDCG@100': 0.03439621588498746}
{'dataset': 'amazon-movies', 'grid': 'alpha', 'value': 0.25, 'fit_s': 23.191805581969675, 'K': 32, 'lam': 0.01, 'c0': 512.0, 'alpha': 0.25, 'HR@10': 0.027245994118706117, 'HR@100': 0.15105323171097643, 'NDCG@10': 0.013188503597638297, 'NDCG@100': 0.036691904759145993}
{'dataset': 'amazon-movies', 'grid': 'alpha', 'value': 0.4, 'fit_s': 26.442783415026497, 'K': 32, 'lam': 0.01, 'c0': 512.0, 'alpha': 0.4, 'HR@10': 0.02940646942327312, 'HR@100': 0.1572045850087019, 'NDCG@10': 0.014243214416487465, 'NDCG@100': 0.03851554569010774}
{'dataset': 'amazon-movies', 'grid': 'alpha', 'value': 0.5, 'fit_s': 22.06529421004234, 'K': 32, 'lam': 0.01, 'c0': 512.0, 'alpha': 0.5, 'HR@10': 0.030276660865390385, 'HR@100': 0.16215567424833463, 'NDCG@10': 0.014835152635826118, 'NDCG@100': 0.03991370869818576}
{'dataset': 'amazon-movies', 'grid': 'alpha', 'value': 0.75, 'fit_s': 23.53177703995607, 'K': 32, 'lam': 0.01, 'c0': 512.0, 'alpha': 0.75, 'HR@10': 0.03333733421352698, 'HR@100': 0.16782692192282303, 'NDCG@10': 0.016647323297430475, 'NDCG@100': 0.04241370987696918}
{'dataset': 'amazon-movies', 'grid': 'alpha', 'value': 1.0, 'fit_s': 24.61091854298138, 'K': 32, 'lam': 0.01, 'c0': 512.0, 'alpha': 1.0, 'HR@10': 0.03162695793074476, 'HR@100': 0.14682230090619935, 'NDCG@10': 0.01595053615365773, 'NDCG@100': 0.03811697883406561}
{'dataset': 'amazon-movies', 'grid': 'c0', 'value': 1.0, 'fit_s': 23.3032068759494, 'K': 32, 'lam': 0.01, 'c0': 1.0, 'alpha': 0.4, 'HR@10': 0.004831062833823441, 'HR@100': 0.044529796555242154, 'NDCG@10': 0.0021737589949695512, 'NDCG@100': 0.009453956545611012}
{'dataset': 'amazon-movies', 'grid': 'c0', 'value': 8.0, 'fit_s': 21.245490124012576, 'K': 32, 'lam': 0.01, 'c0': 8.0, 'alpha': 0.4, 'HR@10': 0.013983076276780892, 'HR@100': 0.09878173198103583, 'NDCG@10': 0.006484097196285474, 'NDCG@100': 0.022306237147101143}
{'dataset': 'amazon-movies', 'grid': 'c0', 'value': 64.0, 'fit_s': 22.633231707062805, 'K': 32, 'lam': 0.01, 'c0': 64.0, 'alpha': 0.4, 'HR@10': 0.024605413190902, 'HR@100': 0.14544199723939266, 'NDCG@10': 0.011900281778868066, 'NDCG@100': 0.03472918614349744}
{'dataset': 'amazon-movies', 'grid': 'c0', 'value': 128.0, 'fit_s': 20.834154835058143, 'K': 32, 'lam': 0.01, 'c0': 128.0, 'alpha': 0.4, 'HR@10': 0.027336013923063073, 'HR@100': 0.15615435395787072, 'NDCG@10': 0.013448516695704854, 'NDCG@100': 0.03781960918514902}
{'dataset': 'amazon-movies', 'grid': 'c0', 'value': 512.0, 'fit_s': 20.397519668069435, 'K': 32, 'lam': 0.01, 'c0': 512.0, 'alpha': 0.4, 'HR@10': 0.02940646942327312, 'HR@100': 0.1572045850087019, 'NDCG@10': 0.014243214416487465, 'NDCG@100': 0.03851554569010774}
{'dataset': 'amazon-movies', 'grid': 'c0', 'value': 1024.0, 'fit_s': 20.287268082000082, 'K': 32, 'lam': 0.01, 'c0': 1024.0, 'alpha': 0.4, 'HR@10': 0.0282962251695373, 'HR@100': 0.15231350897197382, 'NDCG@10': 0.01372952280143757, 'NDCG@100': 0.037312732148195735}
{'dataset': 'amazon-movies', 'grid': 'K', 'value': 8, 'fit_s': 14.660380375979003, 'K': 8, 'lam': 0.01, 'c0': 512.0, 'alpha': 0.4, 'HR@10': 0.01947428434255536, 'HR@100': 0.1073636199963992, 'NDCG@10': 0.0092669643054108, 'NDCG@100': 0.025897227851859574}
{'dataset': 'amazon-movies', 'grid': 'K', 'value': 16, 'fit_s': 16.524585167964688, 'K': 16, 'lam': 0.01, 'c0': 512.0, 'alpha': 0.4, 'HR@10': 0.024905479205425192, 'HR@100': 0.13989077597071356, 'NDCG@10': 0.01228840461716933, 'NDCG@100': 0.03398758761543963}
{'dataset': 'amazon-movies', 'grid': 'K', 'value': 32, 'fit_s': 20.90811741608195, 'K': 32, 'lam': 0.01, 'c0': 512.0, 'alpha': 0.4, 'HR@10': 0.02940646942327312, 'HR@100': 0.1572045850087019, 'NDCG@10': 0.014243214416487465, 'NDCG@100': 0.03851554569010774}
{'dataset': 'amazon-movies', 'grid': 'K', 'value': 64, 'fit_s': 28.29531083095935, 'K': 64, 'lam': 0.01, 'c0': 512.0, 'alpha': 0.4, 'HR@10': 0.03405749264838264, 'HR@100': 0.1719378263217908, 'NDCG@10': 0.016753577037813966, 'NDCG@100': 0.04304713816278673}
{'dataset': 'amazon-movies', 'grid': 'K', 'value': 128, 'fit_s': 46.00311491606408, 'K': 128, 'lam': 0.01, 'c0': 512.0, 'alpha': 0.4, 'HR@10': 0.04179919582308108, 'HR@100': 0.18111984636620057, 'NDCG@10': 0.020516396288966798, 'NDCG@100': 0.047247462390720994}
{'dataset': 'amazon-movies', 'grid': 'lam', 'value': 0.001, 'fit_s': 25.302211417991202, 'K': 32, 'lam': 0.001, 'c0': 512.0, 'alpha': 0.4, 'HR@10': 0.029166416611654564, 'HR@100': 0.15726459821160654, 'NDCG@10': 0.014134460220698636, 'NDCG@100': 0.03846534281508728}
{'dataset': 'amazon-movies', 'grid': 'lam', 'value': 0.01, 'fit_s': 22.009999377041822, 'K': 32, 'lam': 0.01, 'c0': 512.0, 'alpha': 0.4, 'HR@10': 0.02940646942327312, 'HR@100': 0.1572045850087019, 'NDCG@10': 0.014243214416487465, 'NDCG@100': 0.03851554569010774}
{'dataset': 'amazon-movies', 'grid': 'lam', 'value': 0.1, 'fit_s': 23.911388085834915, 'K': 32, 'lam': 0.1, 'c0': 512.0, 'alpha': 0.4, 'HR@10': 0.028926363800036006, 'HR@100': 0.1568745123927264, 'NDCG@10': 0.014073140601312917, 'NDCG@100': 0.038418339122669974}
{'dataset': 'amazon-movies', 'grid': 'lam', 'value': 1.0, 'fit_s': 23.07552512298571, 'K': 32, 'lam': 1.0, 'c0': 512.0, 'alpha': 0.4, 'HR@10': 0.02808617895937106, 'HR@100': 0.15576426813899058, 'NDCG@10': 0.013743855785007865, 'NDCG@100': 0.03802163854391894}
-> /Users/thomassinapi/eals-spark/results/hyper_amazon-movies.csv  (21 rows)
===== online --dataset amazon-movies --cores 8 --iters 20 --k 32 --stream 20000 --every 250 @ 16:20:03 =====
-> /Users/thomassinapi/eals-spark/results/spark_task_latency.csv  (4 rows)
{'dataset': 'amazon-movies', 'mode': 'static', 'n': 250, 'HR100': np.float64(0.124), 'NDCG100': np.float64(0.028776834395402934), 'lat_ms': 0.0}
{'dataset': 'amazon-movies', 'mode': 'static', 'n': 500, 'HR100': np.float64(0.138), 'NDCG100': np.float64(0.03175930868575595), 'lat_ms': 0.0}
{'dataset': 'amazon-movies', 'mode': 'static', 'n': 750, 'HR100': np.float64(0.14933333333333335), 'NDCG100': np.float64(0.0363545791603597), 'lat_ms': 0.0}
{'dataset': 'amazon-movies', 'mode': 'static', 'n': 1000, 'HR100': np.float64(0.131), 'NDCG100': np.float64(0.03233170121729026), 'lat_ms': 0.0}
{'dataset': 'amazon-movies', 'mode': 'static', 'n': 1250, 'HR100': np.float64(0.1368), 'NDCG100': np.float64(0.033157538889447606), 'lat_ms': 0.0}
{'dataset': 'amazon-movies', 'mode': 'static', 'n': 1500, 'HR100': np.float64(0.13066666666666665), 'NDCG100': np.float64(0.032217802807279754), 'lat_ms': 0.0}
{'dataset': 'amazon-movies', 'mode': 'static', 'n': 1750, 'HR100': np.float64(0.1422857142857143), 'NDCG100': np.float64(0.03424487942348628), 'lat_ms': 0.0}
{'dataset': 'amazon-movies', 'mode': 'static', 'n': 2000, 'HR100': np.float64(0.14), 'NDCG100': np.float64(0.03411335471892977), 'lat_ms': 0.0}
{'dataset': 'amazon-movies', 'mode': 'static', 'n': 2250, 'HR100': np.float64(0.1351111111111111), 'NDCG100': np.float64(0.03282331205127582), 'lat_ms': 0.0}
{'dataset': 'amazon-movies', 'mode': 'static', 'n': 2500, 'HR100': np.float64(0.1348), 'NDCG100': np.float64(0.032862160271494634), 'lat_ms': 0.0}
{'dataset': 'amazon-movies', 'mode': 'static', 'n': 2750, 'HR100': np.float64(0.13163636363636363), 'NDCG100': np.float64(0.03196586818488714), 'lat_ms': 0.0}
{'dataset': 'amazon-movies', 'mode': 'static', 'n': 3000, 'HR100': np.float64(0.13333333333333333), 'NDCG100': np.float64(0.03238987785190646), 'lat_ms': 0.0}
{'dataset': 'amazon-movies', 'mode': 'static', 'n': 3250, 'HR100': np.float64(0.13292307692307692), 'NDCG100': np.float64(0.032055241197235455), 'lat_ms': 0.0}
{'dataset': 'amazon-movies', 'mode': 'static', 'n': 3500, 'HR100': np.float64(0.134), 'NDCG100': np.float64(0.03261437800882345), 'lat_ms': 0.0}
{'dataset': 'amazon-movies', 'mode': 'static', 'n': 3750, 'HR100': np.float64(0.13493333333333332), 'NDCG100': np.float64(0.032562142162857605), 'lat_ms': 0.0}
{'dataset': 'amazon-movies', 'mode': 'static', 'n': 4000, 'HR100': np.float64(0.1335), 'NDCG100': np.float64(0.032102743027707534), 'lat_ms': 0.0}
{'dataset': 'amazon-movies', 'mode': 'static', 'n': 4250, 'HR100': np.float64(0.13317647058823529), 'NDCG100': np.float64(0.031964142441912806), 'lat_ms': 0.0}
{'dataset': 'amazon-movies', 'mode': 'static', 'n': 4500, 'HR100': np.float64(0.136), 'NDCG100': np.float64(0.03245395396011318), 'lat_ms': 0.0}
{'dataset': 'amazon-movies', 'mode': 'static', 'n': 4750, 'HR100': np.float64(0.13621052631578948), 'NDCG100': np.float64(0.03258565713760741), 'lat_ms': 0.0}
{'dataset': 'amazon-movies', 'mode': 'static', 'n': 5000, 'HR100': np.float64(0.138), 'NDCG100': np.float64(0.0330712056903704), 'lat_ms': 0.0}
{'dataset': 'amazon-movies', 'mode': 'static', 'n': 5250, 'HR100': np.float64(0.1382857142857143), 'NDCG100': np.float64(0.03334499740849907), 'lat_ms': 0.0}
{'dataset': 'amazon-movies', 'mode': 'static', 'n': 5500, 'HR100': np.float64(0.1390909090909091), 'NDCG100': np.float64(0.03327055868744094), 'lat_ms': 0.0}
{'dataset': 'amazon-movies', 'mode': 'static', 'n': 5750, 'HR100': np.float64(0.13947826086956522), 'NDCG100': np.float64(0.033425175475924905), 'lat_ms': 0.0}
{'dataset': 'amazon-movies', 'mode': 'static', 'n': 6000, 'HR100': np.float64(0.13583333333333333), 'NDCG100': np.float64(0.03273443352159416), 'lat_ms': 0.0}
{'dataset': 'amazon-movies', 'mode': 'static', 'n': 6250, 'HR100': np.float64(0.1368), 'NDCG100': np.float64(0.0327998539796354), 'lat_ms': 0.0}
{'dataset': 'amazon-movies', 'mode': 'static', 'n': 6500, 'HR100': np.float64(0.13753846153846153), 'NDCG100': np.float64(0.03294527214781662), 'lat_ms': 0.0}
{'dataset': 'amazon-movies', 'mode': 'static', 'n': 6750, 'HR100': np.float64(0.13762962962962963), 'NDCG100': np.float64(0.032835988574668164), 'lat_ms': 0.0}
{'dataset': 'amazon-movies', 'mode': 'static', 'n': 7000, 'HR100': np.float64(0.13685714285714284), 'NDCG100': np.float64(0.032567987140728644), 'lat_ms': 0.0}
{'dataset': 'amazon-movies', 'mode': 'static', 'n': 7250, 'HR100': np.float64(0.13696551724137931), 'NDCG100': np.float64(0.03248491174041734), 'lat_ms': 0.0}
{'dataset': 'amazon-movies', 'mode': 'static', 'n': 7500, 'HR100': np.float64(0.13506666666666667), 'NDCG100': np.float64(0.03202386613876224), 'lat_ms': 0.0}
{'dataset': 'amazon-movies', 'mode': 'static', 'n': 7750, 'HR100': np.float64(0.13432258064516128), 'NDCG100': np.float64(0.0319473958765473), 'lat_ms': 0.0}
{'dataset': 'amazon-movies', 'mode': 'static', 'n': 8000, 'HR100': np.float64(0.1355), 'NDCG100': np.float64(0.032241221453693375), 'lat_ms': 0.0}
{'dataset': 'amazon-movies', 'mode': 'static', 'n': 8250, 'HR100': np.float64(0.13515151515151516), 'NDCG100': np.float64(0.032114669738062214), 'lat_ms': 0.0}
{'dataset': 'amazon-movies', 'mode': 'static', 'n': 8500, 'HR100': np.float64(0.13541176470588234), 'NDCG100': np.float64(0.032262281220041385), 'lat_ms': 0.0}
{'dataset': 'amazon-movies', 'mode': 'static', 'n': 8750, 'HR100': np.float64(0.13337142857142859), 'NDCG100': np.float64(0.03173859783442557), 'lat_ms': 0.0}
{'dataset': 'amazon-movies', 'mode': 'static', 'n': 9000, 'HR100': np.float64(0.13344444444444445), 'NDCG100': np.float64(0.031769180882851064), 'lat_ms': 0.0}
{'dataset': 'amazon-movies', 'mode': 'static', 'n': 9250, 'HR100': np.float64(0.13264864864864864), 'NDCG100': np.float64(0.031485882709942126), 'lat_ms': 0.0}
{'dataset': 'amazon-movies', 'mode': 'static', 'n': 9500, 'HR100': np.float64(0.132), 'NDCG100': np.float64(0.031350443804081335), 'lat_ms': 0.0}
{'dataset': 'amazon-movies', 'mode': 'static', 'n': 9750, 'HR100': np.float64(0.13128205128205128), 'NDCG100': np.float64(0.03114624395558955), 'lat_ms': 0.0}
{'dataset': 'amazon-movies', 'mode': 'static', 'n': 10000, 'HR100': np.float64(0.1294), 'NDCG100': np.float64(0.03067135728625838), 'lat_ms': 0.0}
{'dataset': 'amazon-movies', 'mode': 'static', 'n': 10250, 'HR100': np.float64(0.12985365853658537), 'NDCG100': np.float64(0.030868893565954784), 'lat_ms': 0.0}
{'dataset': 'amazon-movies', 'mode': 'static', 'n': 10500, 'HR100': np.float64(0.12895238095238096), 'NDCG100': np.float64(0.030560026507914607), 'lat_ms': 0.0}
{'dataset': 'amazon-movies', 'mode': 'static', 'n': 10750, 'HR100': np.float64(0.12846511627906976), 'NDCG100': np.float64(0.030446843658744817), 'lat_ms': 0.0}
{'dataset': 'amazon-movies', 'mode': 'static', 'n': 11000, 'HR100': np.float64(0.12836363636363637), 'NDCG100': np.float64(0.030439196422213825), 'lat_ms': 0.0}
{'dataset': 'amazon-movies', 'mode': 'static', 'n': 11250, 'HR100': np.float64(0.12817777777777778), 'NDCG100': np.float64(0.030391938366755647), 'lat_ms': 0.0}
{'dataset': 'amazon-movies', 'mode': 'static', 'n': 11500, 'HR100': np.float64(0.1277391304347826), 'NDCG100': np.float64(0.030228305864396694), 'lat_ms': 0.0}
{'dataset': 'amazon-movies', 'mode': 'static', 'n': 11750, 'HR100': np.float64(0.12731914893617022), 'NDCG100': np.float64(0.030130255902738313), 'lat_ms': 0.0}
{'dataset': 'amazon-movies', 'mode': 'static', 'n': 12000, 'HR100': np.float64(0.12666666666666668), 'NDCG100': np.float64(0.030144887939343723), 'lat_ms': 0.0}
{'dataset': 'amazon-movies', 'mode': 'static', 'n': 12250, 'HR100': np.float64(0.12628571428571428), 'NDCG100': np.float64(0.03012884230225582), 'lat_ms': 0.0}
{'dataset': 'amazon-movies', 'mode': 'static', 'n': 12500, 'HR100': np.float64(0.12624), 'NDCG100': np.float64(0.03013593199435662), 'lat_ms': 0.0}
{'dataset': 'amazon-movies', 'mode': 'static', 'n': 12750, 'HR100': np.float64(0.12729411764705884), 'NDCG100': np.float64(0.030324770108659183), 'lat_ms': 0.0}
{'dataset': 'amazon-movies', 'mode': 'static', 'n': 13000, 'HR100': np.float64(0.12853846153846155), 'NDCG100': np.float64(0.030758841430519015), 'lat_ms': 0.0}
{'dataset': 'amazon-movies', 'mode': 'static', 'n': 13250, 'HR100': np.float64(0.12784905660377358), 'NDCG100': np.float64(0.030665153435174366), 'lat_ms': 0.0}
{'dataset': 'amazon-movies', 'mode': 'static', 'n': 13500, 'HR100': np.float64(0.1282222222222222), 'NDCG100': np.float64(0.03080872019018102), 'lat_ms': 0.0}
{'dataset': 'amazon-movies', 'mode': 'static', 'n': 13750, 'HR100': np.float64(0.12712727272727273), 'NDCG100': np.float64(0.03052977411479685), 'lat_ms': 0.0}
{'dataset': 'amazon-movies', 'mode': 'static', 'n': 14000, 'HR100': np.float64(0.12692857142857142), 'NDCG100': np.float64(0.03041367596606176), 'lat_ms': 0.0}
{'dataset': 'amazon-movies', 'mode': 'static', 'n': 14250, 'HR100': np.float64(0.12764912280701754), 'NDCG100': np.float64(0.03057303191735454), 'lat_ms': 0.0}
{'dataset': 'amazon-movies', 'mode': 'static', 'n': 14500, 'HR100': np.float64(0.12662068965517242), 'NDCG100': np.float64(0.03033860747635428), 'lat_ms': 0.0}
{'dataset': 'amazon-movies', 'mode': 'static', 'n': 14750, 'HR100': np.float64(0.12616949152542373), 'NDCG100': np.float64(0.030232384146460706), 'lat_ms': 0.0}
{'dataset': 'amazon-movies', 'mode': 'static', 'n': 15000, 'HR100': np.float64(0.12586666666666665), 'NDCG100': np.float64(0.030144995900296182), 'lat_ms': 0.0}
{'dataset': 'amazon-movies', 'mode': 'static', 'n': 15250, 'HR100': np.float64(0.12629508196721312), 'NDCG100': np.float64(0.03012445304577595), 'lat_ms': 0.0}
{'dataset': 'amazon-movies', 'mode': 'static', 'n': 15500, 'HR100': np.float64(0.12587096774193549), 'NDCG100': np.float64(0.03010613324507625), 'lat_ms': 0.0}
{'dataset': 'amazon-movies', 'mode': 'static', 'n': 15750, 'HR100': np.float64(0.12526984126984128), 'NDCG100': np.float64(0.029993542157325713), 'lat_ms': 0.0}
{'dataset': 'amazon-movies', 'mode': 'static', 'n': 16000, 'HR100': np.float64(0.124875), 'NDCG100': np.float64(0.02989549573543624), 'lat_ms': 0.0}
{'dataset': 'amazon-movies', 'mode': 'static', 'n': 16250, 'HR100': np.float64(0.12412307692307692), 'NDCG100': np.float64(0.02967163019083987), 'lat_ms': 0.0}
{'dataset': 'amazon-movies', 'mode': 'static', 'n': 16500, 'HR100': np.float64(0.12387878787878788), 'NDCG100': np.float64(0.029581129982763323), 'lat_ms': 0.0}
{'dataset': 'amazon-movies', 'mode': 'static', 'n': 16750, 'HR100': np.float64(0.12435820895522388), 'NDCG100': np.float64(0.02966194952203368), 'lat_ms': 0.0}
{'dataset': 'amazon-movies', 'mode': 'static', 'n': 17000, 'HR100': np.float64(0.124), 'NDCG100': np.float64(0.02958004254406236), 'lat_ms': 0.0}
{'dataset': 'amazon-movies', 'mode': 'static', 'n': 17250, 'HR100': np.float64(0.12342028985507246), 'NDCG100': np.float64(0.02945404271336157), 'lat_ms': 0.0}
{'dataset': 'amazon-movies', 'mode': 'static', 'n': 17500, 'HR100': np.float64(0.12308571428571428), 'NDCG100': np.float64(0.029362267235895745), 'lat_ms': 0.0}
{'dataset': 'amazon-movies', 'mode': 'static', 'n': 17750, 'HR100': np.float64(0.1224225352112676), 'NDCG100': np.float64(0.02918752716437117), 'lat_ms': 0.0}
{'dataset': 'amazon-movies', 'mode': 'static', 'n': 18000, 'HR100': np.float64(0.12261111111111112), 'NDCG100': np.float64(0.029277844030464392), 'lat_ms': 0.0}
{'dataset': 'amazon-movies', 'mode': 'static', 'n': 18250, 'HR100': np.float64(0.12208219178082191), 'NDCG100': np.float64(0.029143237168927673), 'lat_ms': 0.0}
{'dataset': 'amazon-movies', 'mode': 'static', 'n': 18500, 'HR100': np.float64(0.12162162162162163), 'NDCG100': np.float64(0.028986424684167615), 'lat_ms': 0.0}
{'dataset': 'amazon-movies', 'mode': 'static', 'n': 18750, 'HR100': np.float64(0.12176), 'NDCG100': np.float64(0.029030494605251072), 'lat_ms': 0.0}
{'dataset': 'amazon-movies', 'mode': 'static', 'n': 19000, 'HR100': np.float64(0.12121052631578948), 'NDCG100': np.float64(0.02886023591594195), 'lat_ms': 0.0}
{'dataset': 'amazon-movies', 'mode': 'static', 'n': 19250, 'HR100': np.float64(0.1214025974025974), 'NDCG100': np.float64(0.028926613034459474), 'lat_ms': 0.0}
{'dataset': 'amazon-movies', 'mode': 'static', 'n': 19500, 'HR100': np.float64(0.12107692307692308), 'NDCG100': np.float64(0.02879906965483163), 'lat_ms': 0.0}
{'dataset': 'amazon-movies', 'mode': 'static', 'n': 19750, 'HR100': np.float64(0.12035443037974683), 'NDCG100': np.float64(0.028650782899612825), 'lat_ms': 0.0}
{'dataset': 'amazon-movies', 'mode': 'static', 'n': 20000, 'HR100': np.float64(0.1199), 'NDCG100': np.float64(0.028534969987333493), 'lat_ms': 0.0}
{'dataset': 'amazon-movies', 'mode': 'online', 'n': 250, 'HR100': np.float64(0.156), 'NDCG100': np.float64(0.03498616596556071), 'lat_ms': 0.48970799252856523}
{'dataset': 'amazon-movies', 'mode': 'online', 'n': 500, 'HR100': np.float64(0.192), 'NDCG100': np.float64(0.04269278652500115), 'lat_ms': 0.4733124951599166}
{'dataset': 'amazon-movies', 'mode': 'online', 'n': 750, 'HR100': np.float64(0.20266666666666666), 'NDCG100': np.float64(0.04644193040449905), 'lat_ms': 0.47427100071217865}
{'dataset': 'amazon-movies', 'mode': 'online', 'n': 1000, 'HR100': np.float64(0.184), 'NDCG100': np.float64(0.041851063530127124), 'lat_ms': 0.476875007734634}
{'dataset': 'amazon-movies', 'mode': 'online', 'n': 1250, 'HR100': np.float64(0.1896), 'NDCG100': np.float64(0.04300429691990199), 'lat_ms': 0.47543800610583276}
{'dataset': 'amazon-movies', 'mode': 'online', 'n': 1500, 'HR100': np.float64(0.18), 'NDCG100': np.float64(0.04087021341572962), 'lat_ms': 0.476854489534162}
{'dataset': 'amazon-movies', 'mode': 'online', 'n': 1750, 'HR100': np.float64(0.18685714285714286), 'NDCG100': np.float64(0.0420992995856509), 'lat_ms': 0.4767709906445816}
{'dataset': 'amazon-movies', 'mode': 'online', 'n': 2000, 'HR100': np.float64(0.181), 'NDCG100': np.float64(0.04103553086259422), 'lat_ms': 0.4765834892168641}
{'dataset': 'amazon-movies', 'mode': 'online', 'n': 2250, 'HR100': np.float64(0.18088888888888888), 'NDCG100': np.float64(0.04041988522936759), 'lat_ms': 0.47543800610583276}
{'dataset': 'amazon-movies', 'mode': 'online', 'n': 2500, 'HR100': np.float64(0.1792), 'NDCG100': np.float64(0.040076003830462795), 'lat_ms': 0.4760204901685938}
{'dataset': 'amazon-movies', 'mode': 'online', 'n': 2750, 'HR100': np.float64(0.17745454545454545), 'NDCG100': np.float64(0.03934604371417841), 'lat_ms': 0.4772079992108047}
{'dataset': 'amazon-movies', 'mode': 'online', 'n': 3000, 'HR100': np.float64(0.18266666666666667), 'NDCG100': np.float64(0.04028539017681178), 'lat_ms': 0.47899999481160194}
{'dataset': 'amazon-movies', 'mode': 'online', 'n': 3250, 'HR100': np.float64(0.1833846153846154), 'NDCG100': np.float64(0.04008328866117317), 'lat_ms': 0.4789789963979274}
{'dataset': 'amazon-movies', 'mode': 'online', 'n': 3500, 'HR100': np.float64(0.18542857142857141), 'NDCG100': np.float64(0.04081397452944246), 'lat_ms': 0.47974998597055674}
{'dataset': 'amazon-movies', 'mode': 'online', 'n': 3750, 'HR100': np.float64(0.1888), 'NDCG100': np.float64(0.04139956829882856), 'lat_ms': 0.48002100083976984}
{'dataset': 'amazon-movies', 'mode': 'online', 'n': 4000, 'HR100': np.float64(0.1865), 'NDCG100': np.float64(0.04069232139070513), 'lat_ms': 0.4807499935850501}
{'dataset': 'amazon-movies', 'mode': 'online', 'n': 4250, 'HR100': np.float64(0.18705882352941178), 'NDCG100': np.float64(0.04069631793669259), 'lat_ms': 0.48010400496423244}
{'dataset': 'amazon-movies', 'mode': 'online', 'n': 4500, 'HR100': np.float64(0.18888888888888888), 'NDCG100': np.float64(0.04098874388364532), 'lat_ms': 0.4802289913641289}
{'dataset': 'amazon-movies', 'mode': 'online', 'n': 4750, 'HR100': np.float64(0.19136842105263158), 'NDCG100': np.float64(0.04131579430538233), 'lat_ms': 0.4791664978256449}
{'dataset': 'amazon-movies', 'mode': 'online', 'n': 5000, 'HR100': np.float64(0.1918), 'NDCG100': np.float64(0.041312976843215714), 'lat_ms': 0.47797951265238225}
{'dataset': 'amazon-movies', 'mode': 'online', 'n': 5250, 'HR100': np.float64(0.19276190476190477), 'NDCG100': np.float64(0.041452542082245816), 'lat_ms': 0.47974998597055674}
{'dataset': 'amazon-movies', 'mode': 'online', 'n': 5500, 'HR100': np.float64(0.19363636363636363), 'NDCG100': np.float64(0.041453926439961805), 'lat_ms': 0.4801669856533408}
{'dataset': 'amazon-movies', 'mode': 'online', 'n': 5750, 'HR100': np.float64(0.19495652173913045), 'NDCG100': np.float64(0.04170835345571449), 'lat_ms': 0.4797289875568822}
{'dataset': 'amazon-movies', 'mode': 'online', 'n': 6000, 'HR100': np.float64(0.193), 'NDCG100': np.float64(0.04130336434640377), 'lat_ms': 0.479958500363864}
{'dataset': 'amazon-movies', 'mode': 'online', 'n': 6250, 'HR100': np.float64(0.19504), 'NDCG100': np.float64(0.041630753430600825), 'lat_ms': 0.47968750004656613}
{'dataset': 'amazon-movies', 'mode': 'online', 'n': 6500, 'HR100': np.float64(0.19538461538461538), 'NDCG100': np.float64(0.041613145926145526), 'lat_ms': 0.4794584965566173}
{'dataset': 'amazon-movies', 'mode': 'online', 'n': 6750, 'HR100': np.float64(0.19540740740740742), 'NDCG100': np.float64(0.04152799416732919), 'lat_ms': 0.4787294892594218}
{'dataset': 'amazon-movies', 'mode': 'online', 'n': 7000, 'HR100': np.float64(0.19514285714285715), 'NDCG100': np.float64(0.04140317437440948), 'lat_ms': 0.47966699639800936}
{'dataset': 'amazon-movies', 'mode': 'online', 'n': 7250, 'HR100': np.float64(0.19558620689655173), 'NDCG100': np.float64(0.04144331624782404), 'lat_ms': 0.4789789963979274}
{'dataset': 'amazon-movies', 'mode': 'online', 'n': 7500, 'HR100': np.float64(0.19333333333333333), 'NDCG100': np.float64(0.04103730127834561), 'lat_ms': 0.47974998597055674}
{'dataset': 'amazon-movies', 'mode': 'online', 'n': 7750, 'HR100': np.float64(0.1935483870967742), 'NDCG100': np.float64(0.04098922345486513), 'lat_ms': 0.4797289875568822}
{'dataset': 'amazon-movies', 'mode': 'online', 'n': 8000, 'HR100': np.float64(0.19525), 'NDCG100': np.float64(0.04121183325153087), 'lat_ms': 0.47918751079123467}
{'dataset': 'amazon-movies', 'mode': 'online', 'n': 8250, 'HR100': np.float64(0.19672727272727272), 'NDCG100': np.float64(0.04145779034532623), 'lat_ms': 0.47968750004656613}
{'dataset': 'amazon-movies', 'mode': 'online', 'n': 8500, 'HR100': np.float64(0.19905882352941176), 'NDCG100': np.float64(0.041888885618780916), 'lat_ms': 0.4798130103154108}
{'dataset': 'amazon-movies', 'mode': 'online', 'n': 8750, 'HR100': np.float64(0.1984), 'NDCG100': np.float64(0.04168708869882429), 'lat_ms': 0.4803125048056245}
{'dataset': 'amazon-movies', 'mode': 'online', 'n': 9000, 'HR100': np.float64(0.19866666666666666), 'NDCG100': np.float64(0.041726213890129385), 'lat_ms': 0.480332993902266}
{'dataset': 'amazon-movies', 'mode': 'online', 'n': 9250, 'HR100': np.float64(0.19967567567567568), 'NDCG100': np.float64(0.041892961087475436), 'lat_ms': 0.48004198470152915}
{'dataset': 'amazon-movies', 'mode': 'online', 'n': 9500, 'HR100': np.float64(0.19831578947368422), 'NDCG100': np.float64(0.041592907610080616), 'lat_ms': 0.4804380005225539}
{'dataset': 'amazon-movies', 'mode': 'online', 'n': 9750, 'HR100': np.float64(0.19835897435897437), 'NDCG100': np.float64(0.04161693188314906), 'lat_ms': 0.4802499897778034}
{'dataset': 'amazon-movies', 'mode': 'online', 'n': 10000, 'HR100': np.float64(0.1969), 'NDCG100': np.float64(0.04133668186251102), 'lat_ms': 0.48058349057100713}
{'dataset': 'amazon-movies', 'mode': 'online', 'n': 10250, 'HR100': np.float64(0.19717073170731708), 'NDCG100': np.float64(0.041362606486866106), 'lat_ms': 0.480332993902266}
{'dataset': 'amazon-movies', 'mode': 'online', 'n': 10500, 'HR100': np.float64(0.19666666666666666), 'NDCG100': np.float64(0.04123762069392957), 'lat_ms': 0.48058349057100713}
{'dataset': 'amazon-movies', 'mode': 'online', 'n': 10750, 'HR100': np.float64(0.1972093023255814), 'NDCG100': np.float64(0.04134375994428984), 'lat_ms': 0.48070799675770104}
{'dataset': 'amazon-movies', 'mode': 'online', 'n': 11000, 'HR100': np.float64(0.197), 'NDCG100': np.float64(0.04129933830244927), 'lat_ms': 0.48062500718515366}
{'dataset': 'amazon-movies', 'mode': 'online', 'n': 11250, 'HR100': np.float64(0.19635555555555556), 'NDCG100': np.float64(0.04108644901176762), 'lat_ms': 0.4807909863302484}
{'dataset': 'amazon-movies', 'mode': 'online', 'n': 11500, 'HR100': np.float64(0.19617391304347825), 'NDCG100': np.float64(0.04108721152346563), 'lat_ms': 0.48062499263323843}
{'dataset': 'amazon-movies', 'mode': 'online', 'n': 11750, 'HR100': np.float64(0.1952340425531915), 'NDCG100': np.float64(0.040864173196329255), 'lat_ms': 0.4807499935850501}
{'dataset': 'amazon-movies', 'mode': 'online', 'n': 12000, 'HR100': np.float64(0.19433333333333333), 'NDCG100': np.float64(0.040682899772608666), 'lat_ms': 0.480500006233342}
{'dataset': 'amazon-movies', 'mode': 'online', 'n': 12250, 'HR100': np.float64(0.1943673469387755), 'NDCG100': np.float64(0.040740566785842224), 'lat_ms': 0.4804170021088794}
{'dataset': 'amazon-movies', 'mode': 'online', 'n': 12500, 'HR100': np.float64(0.19392), 'NDCG100': np.float64(0.040600568124966874), 'lat_ms': 0.4805625067092478}
{'dataset': 'amazon-movies', 'mode': 'online', 'n': 12750, 'HR100': np.float64(0.19458823529411765), 'NDCG100': np.float64(0.04068496349004537), 'lat_ms': 0.4805210046470165}
{'dataset': 'amazon-movies', 'mode': 'online', 'n': 13000, 'HR100': np.float64(0.19676923076923078), 'NDCG100': np.float64(0.04106045754693973), 'lat_ms': 0.4807499935850501}
{'dataset': 'amazon-movies', 'mode': 'online', 'n': 13250, 'HR100': np.float64(0.19652830188679246), 'NDCG100': np.float64(0.04092734380516762), 'lat_ms': 0.4808749945368618}
{'dataset': 'amazon-movies', 'mode': 'online', 'n': 13500, 'HR100': np.float64(0.19725925925925927), 'NDCG100': np.float64(0.04106225654732248), 'lat_ms': 0.4807499935850501}
{'dataset': 'amazon-movies', 'mode': 'online', 'n': 13750, 'HR100': np.float64(0.19701818181818181), 'NDCG100': np.float64(0.04100257359503039), 'lat_ms': 0.4808334924746305}
{'dataset': 'amazon-movies', 'mode': 'online', 'n': 14000, 'HR100': np.float64(0.1977857142857143), 'NDCG100': np.float64(0.04106139228020728), 'lat_ms': 0.48089549818541855}
{'dataset': 'amazon-movies', 'mode': 'online', 'n': 14250, 'HR100': np.float64(0.19887719298245615), 'NDCG100': np.float64(0.041240216274060944), 'lat_ms': 0.48058299580588937}
{'dataset': 'amazon-movies', 'mode': 'online', 'n': 14500, 'HR100': np.float64(0.19806896551724137), 'NDCG100': np.float64(0.04103752269877927), 'lat_ms': 0.4806250217370689}
{'dataset': 'amazon-movies', 'mode': 'online', 'n': 14750, 'HR100': np.float64(0.19796610169491524), 'NDCG100': np.float64(0.04097960877346198), 'lat_ms': 0.48058299580588937}
{'dataset': 'amazon-movies', 'mode': 'online', 'n': 15000, 'HR100': np.float64(0.19806666666666667), 'NDCG100': np.float64(0.04096495511090826), 'lat_ms': 0.48054198850877583}
{'dataset': 'amazon-movies', 'mode': 'online', 'n': 15250, 'HR100': np.float64(0.19757377049180327), 'NDCG100': np.float64(0.04077563451777296), 'lat_ms': 0.4807920049643144}
{'dataset': 'amazon-movies', 'mode': 'online', 'n': 15500, 'HR100': np.float64(0.19683870967741934), 'NDCG100': np.float64(0.040570281121403665), 'lat_ms': 0.48081250861287117}
{'dataset': 'amazon-movies', 'mode': 'online', 'n': 15750, 'HR100': np.float64(0.19707936507936508), 'NDCG100': np.float64(0.040560530419235526), 'lat_ms': 0.4813330015167594}
{'dataset': 'amazon-movies', 'mode': 'online', 'n': 16000, 'HR100': np.float64(0.19775), 'NDCG100': np.float64(0.04062482161726834), 'lat_ms': 0.48141700972337276}
{'dataset': 'amazon-movies', 'mode': 'online', 'n': 16250, 'HR100': np.float64(0.1988923076923077), 'NDCG100': np.float64(0.04076558750868142), 'lat_ms': 0.4813330015167594}
{'dataset': 'amazon-movies', 'mode': 'online', 'n': 16500, 'HR100': np.float64(0.19842424242424242), 'NDCG100': np.float64(0.04060083926783336), 'lat_ms': 0.48154150135815144}
{'dataset': 'amazon-movies', 'mode': 'online', 'n': 16750, 'HR100': np.float64(0.19970149253731342), 'NDCG100': np.float64(0.040762616292549965), 'lat_ms': 0.48149999929592013}
{'dataset': 'amazon-movies', 'mode': 'online', 'n': 17000, 'HR100': np.float64(0.19929411764705882), 'NDCG100': np.float64(0.0406892433926199), 'lat_ms': 0.48164548934437335}
{'dataset': 'amazon-movies', 'mode': 'online', 'n': 17250, 'HR100': np.float64(0.1993623188405797), 'NDCG100': np.float64(0.04063560983801965), 'lat_ms': 0.4819169989787042}
{'dataset': 'amazon-movies', 'mode': 'online', 'n': 17500, 'HR100': np.float64(0.19925714285714285), 'NDCG100': np.float64(0.04058127120766959), 'lat_ms': 0.48204101040028036}
{'dataset': 'amazon-movies', 'mode': 'online', 'n': 17750, 'HR100': np.float64(0.19819718309859155), 'NDCG100': np.float64(0.04034561791504618), 'lat_ms': 0.48216700088232756}
{'dataset': 'amazon-movies', 'mode': 'online', 'n': 18000, 'HR100': np.float64(0.1978888888888889), 'NDCG100': np.float64(0.04024046762661053), 'lat_ms': 0.4820000031031668}
{'dataset': 'amazon-movies', 'mode': 'online', 'n': 18250, 'HR100': np.float64(0.19895890410958905), 'NDCG100': np.float64(0.040400071691597136), 'lat_ms': 0.48195800627581775}
{'dataset': 'amazon-movies', 'mode': 'online', 'n': 18500, 'HR100': np.float64(0.1988108108108108), 'NDCG100': np.float64(0.04035196233389462), 'lat_ms': 0.48204099584836513}
{'dataset': 'amazon-movies', 'mode': 'online', 'n': 18750, 'HR100': np.float64(0.19909333333333334), 'NDCG100': np.float64(0.04037662046760362), 'lat_ms': 0.4820419999305159}
{'dataset': 'amazon-movies', 'mode': 'online', 'n': 19000, 'HR100': np.float64(0.19794736842105262), 'NDCG100': np.float64(0.040125499180422124), 'lat_ms': 0.48229150706902146}
{'dataset': 'amazon-movies', 'mode': 'online', 'n': 19250, 'HR100': np.float64(0.19823376623376623), 'NDCG100': np.float64(0.04016037993051466), 'lat_ms': 0.48216700088232756}
{'dataset': 'amazon-movies', 'mode': 'online', 'n': 19500, 'HR100': np.float64(0.1976923076923077), 'NDCG100': np.float64(0.03998966836350885), 'lat_ms': 0.48229200183413923}
{'dataset': 'amazon-movies', 'mode': 'online', 'n': 19750, 'HR100': np.float64(0.19792405063291138), 'NDCG100': np.float64(0.039974289936873485), 'lat_ms': 0.4822499759029597}
{'dataset': 'amazon-movies', 'mode': 'online', 'n': 20000, 'HR100': np.float64(0.1978), 'NDCG100': np.float64(0.03993623924477184), 'lat_ms': 0.48216598224826157}
-> /Users/thomassinapi/eals-spark/results/online_amazon-movies.csv  (160 rows)
===== wnew --dataset amazon-movies --cores 8 --iters 20 --k 32 --stream 10000 @ 16:21:01 =====
{'dataset': 'amazon-movies', 'w_new': 1.0, 'n': 10000, 'HR100': np.float64(0.1643), 'NDCG100': np.float64(0.03432911193376708)}
{'dataset': 'amazon-movies', 'w_new': 2.0, 'n': 10000, 'HR100': np.float64(0.1818), 'NDCG100': np.float64(0.03795014680849163)}
{'dataset': 'amazon-movies', 'w_new': 4.0, 'n': 10000, 'HR100': np.float64(0.1969), 'NDCG100': np.float64(0.04133668186251102)}
{'dataset': 'amazon-movies', 'w_new': 8.0, 'n': 10000, 'HR100': np.float64(0.2007), 'NDCG100': np.float64(0.042136487618571826)}
{'dataset': 'amazon-movies', 'w_new': 16.0, 'n': 10000, 'HR100': np.float64(0.1917), 'NDCG100': np.float64(0.03984742041214491)}
-> /Users/thomassinapi/eals-spark/results/online_wnew_amazon-movies.csv  (5 rows)
campaign finished Thu Aug 27 16:22:03 CEST 2026
===== kernel --datasets ml-100k,ml-1m --ks 8,32,128 @ 16:23:24 =====
{'dataset': 'ml-100k', 'nnz': 97010, 'users': 943, 'K': 8, 't_vectorised': 0.010755625000456348, 't_python_loop': 0.04700829100329429, 'speedup': 4.370577349182384, 'max_abs_diff': 1.3322676295501878e-14}
{'dataset': 'ml-100k', 'nnz': 97010, 'users': 943, 'K': 32, 't_vectorised': 0.04023537499597296, 't_python_loop': 0.1792593330028467, 'speedup': 4.45526686456354, 'max_abs_diff': 9.769962616701378e-15}
{'dataset': 'ml-100k', 'nnz': 97010, 'users': 943, 'K': 128, 't_vectorised': 0.15889970801072195, 't_python_loop': 0.7141437910031527, 'speedup': 4.494305244128989, 'max_abs_diff': 1.1102230246251565e-14}
{'dataset': 'ml-1m', 'nnz': 992499, 'users': 6040, 'K': 8, 't_vectorised': 0.111454625002807, 't_python_loop': 0.3130643339827657, 'speedup': 2.808894955905877, 'max_abs_diff': 1.687538997430238e-14}
{'dataset': 'ml-1m', 'nnz': 992499, 'users': 6040, 'K': 32, 't_vectorised': 0.47078508298727684, 't_python_loop': 1.2019092499976978, 'speedup': 2.552989237405765, 'max_abs_diff': 1.865174681370263e-14}
{'dataset': 'ml-1m', 'nnz': 992499, 'users': 6040, 'K': 128, 't_vectorised': 1.7466336659854278, 't_python_loop': 4.880167249997612, 'speedup': 2.794041672868069, 'max_abs_diff': 1.865174681370263e-14}
-> /Users/thomassinapi/eals-spark/results/kernel_vectorisation.csv  (6 rows)
===== factors --dataset amazon-movies --cores 8 --iters 4 --reps 3 --with-als --als-max-k 128 @ 16:23:39 =====
{'method': 'eALS-rdd', 'dataset': 'amazon-movies', 'K': 8, 'cores': 8, 'rep': 0, 't_med': 0.5046698749938514, 't_min': 0.48908624998875894, 't_max': 0.5178392910165712, 't_user': 0.24265250001917593, 't_item': 0.25147829100023955, 't_bcast': 0.009877458971459419, 't_driver': 0.0005604999896604568}
{'method': 'eALS-rdd', 'dataset': 'amazon-movies', 'K': 8, 'cores': 8, 'rep': 1, 't_med': 0.5183783340035006, 't_min': 0.5031832910026424, 't_max': 0.5234547080181073, 't_user': 0.24459070799639449, 't_item': 0.25948300000163727, 't_bcast': 0.01058904200908728, 't_driver': 0.0009275830234400928}
{'method': 'eALS-rdd', 'dataset': 'amazon-movies', 'K': 8, 'cores': 8, 'rep': 2, 't_med': 0.5306478329875972, 't_min': 0.5244960839918349, 't_max': 0.5464774160063826, 't_user': 0.2661282909975853, 't_item': 0.2608479170012288, 't_bcast': 0.009937374998116866, 't_driver': 0.0013032080023549497}
{'method': 'MLlib-ALS', 'dataset': 'amazon-movies', 'K': 8, 'cores': 8, 'rep': 0, 't_med': 0.07854926250001881, 't_min': 0.07854926250001881, 't_max': 0.07854926250001881, 't_user': 0, 't_item': 0, 't_bcast': 0, 't_driver': 0}
{'method': 'eALS-rdd', 'dataset': 'amazon-movies', 'K': 16, 'cores': 8, 'rep': 0, 't_med': 0.5919580000045244, 't_min': 0.5914968330180272, 't_max': 0.6071786249813158, 't_user': 0.2862650839961134, 't_item': 0.287280374992406, 't_bcast': 0.011331624002195895, 't_driver': 0.0017889169976115227}
{'method': 'eALS-rdd', 'dataset': 'amazon-movies', 'K': 16, 'cores': 8, 'rep': 1, 't_med': 0.6211906250100583, 't_min': 0.6018561660021078, 't_max': 0.6320833750069141, 't_user': 0.30186987499473616, 't_item': 0.2928195829736069, 't_bcast': 0.011981750023551285, 't_driver': 0.0013357910211198032}
{'method': 'eALS-rdd', 'dataset': 'amazon-movies', 'K': 16, 'cores': 8, 'rep': 2, 't_med': 0.5790441659919452, 't_min': 0.5675496670010034, 't_max': 0.5831798749859445, 't_user': 0.2729230419790838, 't_item': 0.2795305830077268, 't_bcast': 0.01805325099849142, 't_driver': 0.0016117919876705855}
{'method': 'MLlib-ALS', 'dataset': 'amazon-movies', 'K': 16, 'cores': 8, 'rep': 0, 't_med': 0.28980194999894593, 't_min': 0.28980194999894593, 't_max': 0.28980194999894593, 't_user': 0, 't_item': 0, 't_bcast': 0, 't_driver': 0}
{'method': 'eALS-rdd', 'dataset': 'amazon-movies', 'K': 32, 'cores': 8, 'rep': 0, 't_med': 0.8144465000077616, 't_min': 0.7630531249742489, 't_max': 0.8239022079796996, 't_user': 0.37316374998772517, 't_item': 0.3908359159831889, 't_bcast': 0.029979084007209167, 't_driver': 0.0025523339863866568}
{'method': 'eALS-rdd', 'dataset': 'amazon-movies', 'K': 32, 'cores': 8, 'rep': 1, 't_med': 0.7613975829735864, 't_min': 0.7467190839815885, 't_max': 0.7761502920184284, 't_user': 0.3594972920254804, 't_item': 0.37019191699801013, 't_bcast': 0.03132958398782648, 't_driver': 0.0024070829967968166}
{'method': 'eALS-rdd', 'dataset': 'amazon-movies', 'K': 32, 'cores': 8, 'rep': 2, 't_med': 0.7886505420028698, 't_min': 0.7743145840067882, 't_max': 0.897235999989789, 't_user': 0.37720904100569896, 't_item': 0.4063412089890335, 't_bcast': 0.03355741599807516, 't_driver': 0.002521999995224178}
{'method': 'MLlib-ALS', 'dataset': 'amazon-movies', 'K': 32, 'cores': 8, 'rep': 0, 't_med': 0.589380724998773, 't_min': 0.589380724998773, 't_max': 0.589380724998773, 't_user': 0, 't_item': 0, 't_bcast': 0, 't_driver': 0}
{'method': 'eALS-rdd', 'dataset': 'amazon-movies', 'K': 64, 'cores': 8, 'rep': 0, 't_med': 1.2017738750146236, 't_min': 1.071005415986292, 't_max': 1.2659008749760687, 't_user': 0.5550661669985857, 't_item': 0.5341836250154302, 't_bcast': 0.05471883300924674, 't_driver': 0.005121999973198399}
{'method': 'eALS-rdd', 'dataset': 'amazon-movies', 'K': 64, 'cores': 8, 'rep': 1, 't_med': 1.122460125014186, 't_min': 1.0987776670081075, 't_max': 1.1249679169850424, 't_user': 0.533714916993631, 't_item': 0.5254127499938477, 't_bcast': 0.05962237500352785, 't_driver': 0.004932917014230043}
{'method': 'eALS-rdd', 'dataset': 'amazon-movies', 'K': 64, 'cores': 8, 'rep': 2, 't_med': 1.140139957977226, 't_min': 1.10964679098106, 't_max': 1.1676110829866957, 't_user': 0.5318345830019098, 't_item': 0.5229082909936551, 't_bcast': 0.06919375000870787, 't_driver': 0.005276415991829708}
{'method': 'MLlib-ALS', 'dataset': 'amazon-movies', 'K': 64, 'cores': 8, 'rep': 0, 't_med': 1.1785824624006636, 't_min': 1.1785824624006636, 't_max': 1.1785824624006636, 't_user': 0, 't_item': 0, 't_bcast': 0, 't_driver': 0}
{'method': 'eALS-rdd', 'dataset': 'amazon-movies', 'K': 128, 'cores': 8, 'rep': 0, 't_med': 2.1383493749890476, 't_min': 2.0004315840196796, 't_max': 2.7269267920055427, 't_user': 1.0480752080038656, 't_item': 0.9363833749957848, 't_bcast': 0.14461675100028515, 't_driver': 0.03098120799404569}
{'method': 'MLlib-ALS', 'dataset': 'amazon-movies', 'K': 128, 'cores': 8, 'rep': 0, 't_med': 4.865406962501583, 't_min': 4.865406962501583, 't_max': 4.865406962501583, 't_user': 0, 't_item': 0, 't_bcast': 0, 't_driver': 0}
{'method': 'eALS-rdd', 'dataset': 'amazon-movies', 'K': 256, 'cores': 8, 'rep': 0, 't_med': 12.972761125012767, 't_min': 8.745445083011873, 't_max': 14.713018541020574, 't_user': 7.696297207992757, 't_item': 4.57379520800896, 't_bcast': 0.6295607920037583, 't_driver': 0.1312711250211578}
-> /Users/thomassinapi/eals-spark/results/factor_scaling_amazon-movies.csv  (19 rows)
===== factors --dataset ml-1m --cores 8 --iters 4 --reps 3 --with-als --als-max-k 128 @ 16:27:37 =====
{'method': 'eALS-rdd', 'dataset': 'ml-1m', 'K': 8, 'cores': 8, 'rep': 0, 't_med': 1.3254152919980697, 't_min': 1.1474742919963319, 't_max': 1.3344736659782939, 't_user': 0.638528084004065, 't_item': 0.6051661249948665, 't_bcast': 0.010848498990526423, 't_driver': 0.0007192500052042305}
{'method': 'eALS-rdd', 'dataset': 'ml-1m', 'K': 8, 'cores': 8, 'rep': 1, 't_med': 1.1491887079901062, 't_min': 1.0358809999888763, 't_max': 1.2118698330014013, 't_user': 0.5495411249867175, 't_item': 0.5812499999883585, 't_bcast': 0.019054542033700272, 't_driver': 0.0010807919898070395}
{'method': 'eALS-rdd', 'dataset': 'ml-1m', 'K': 8, 'cores': 8, 'rep': 2, 't_med': 0.8561063749948516, 't_min': 0.8488234580145217, 't_max': 0.9525230419822037, 't_user': 0.42737525000120513, 't_item': 0.4489073749864474, 't_bcast': 0.010016000014729798, 't_driver': 0.0007693330117035657}
{'method': 'MLlib-ALS', 'dataset': 'ml-1m', 'K': 8, 'cores': 8, 'rep': 0, 't_med': 0.18618280000227969, 't_min': 0.18618280000227969, 't_max': 0.18618280000227969, 't_user': 0, 't_item': 0, 't_bcast': 0, 't_driver': 0}
{'method': 'eALS-rdd', 'dataset': 'ml-1m', 'K': 16, 'cores': 8, 'rep': 0, 't_med': 0.868062584020663, 't_min': 0.8438562499941327, 't_max': 0.8869880829879548, 't_user': 0.4196707910159603, 't_item': 0.443108083010884, 't_bcast': 0.013097707967972383, 't_driver': 0.0004892919969279319}
{'method': 'eALS-rdd', 'dataset': 'ml-1m', 'K': 16, 'cores': 8, 'rep': 1, 't_med': 0.9926221250207163, 't_min': 0.9221104579919484, 't_max': 1.0765674999856856, 't_user': 0.45475041601457633, 't_item': 0.4784954579954501, 't_bcast': 0.01290212501771748, 't_driver': 0.0008113750081975013}
{'method': 'eALS-rdd', 'dataset': 'ml-1m', 'K': 16, 'cores': 8, 'rep': 2, 't_med': 0.8024191669828724, 't_min': 0.8023416249779984, 't_max': 0.8361060410097707, 't_user': 0.39678033301606774, 't_item': 0.3995418749982491, 't_bcast': 0.00989699998172, 't_driver': 0.0006324160203803331}
{'method': 'MLlib-ALS', 'dataset': 'ml-1m', 'K': 16, 'cores': 8, 'rep': 0, 't_med': 0.19453299159940798, 't_min': 0.19453299159940798, 't_max': 0.19453299159940798, 't_user': 0, 't_item': 0, 't_bcast': 0, 't_driver': 0}
{'method': 'eALS-rdd', 'dataset': 'ml-1m', 'K': 32, 'cores': 8, 'rep': 0, 't_med': 0.9847365409950726, 't_min': 0.9003983330039773, 't_max': 1.3727313749841414, 't_user': 0.43267937502241693, 't_item': 0.46899141700123437, 't_bcast': 0.014016207976965234, 't_driver': 0.0009920410229824483}
{'method': 'eALS-rdd', 'dataset': 'ml-1m', 'K': 32, 'cores': 8, 'rep': 1, 't_med': 0.9505572080088314, 't_min': 0.9086463330022525, 't_max': 1.0570495830033906, 't_user': 0.4532497920154128, 't_item': 0.4968832920130808, 't_bcast': 0.015056623989949003, 't_driver': 0.0009077079885173589}
{'method': 'eALS-rdd', 'dataset': 'ml-1m', 'K': 32, 'cores': 8, 'rep': 2, 't_med': 0.9256536670145579, 't_min': 0.9155929170083255, 't_max': 0.973916624992853, 't_user': 0.455366791022243, 't_item': 0.45606587498332374, 't_bcast': 0.014958375017158687, 't_driver': 0.0010173750051762909}
{'method': 'MLlib-ALS', 'dataset': 'ml-1m', 'K': 32, 'cores': 8, 'rep': 0, 't_med': 0.31583352090092376, 't_min': 0.31583352090092376, 't_max': 0.31583352090092376, 't_user': 0, 't_item': 0, 't_bcast': 0, 't_driver': 0}
{'method': 'eALS-rdd', 'dataset': 'ml-1m', 'K': 64, 'cores': 8, 'rep': 0, 't_med': 1.3103521250013728, 't_min': 1.2399128749966621, 't_max': 1.448789250018308, 't_user': 0.62515037500998, 't_item': 0.6168791669770144, 't_bcast': 0.015535334008745849, 't_driver': 0.0013595000200439245}
{'method': 'eALS-rdd', 'dataset': 'ml-1m', 'K': 64, 'cores': 8, 'rep': 1, 't_med': 2.6005312920024153, 't_min': 2.1188393329794053, 't_max': 3.8522485419816803, 't_user': 1.2608716250106227, 't_item': 1.310384416981833, 't_bcast': 0.02037195800221525, 't_driver': 0.0015454999811481684}
{'method': 'eALS-rdd', 'dataset': 'ml-1m', 'K': 64, 'cores': 8, 'rep': 2, 't_med': 2.9420339169737417, 't_min': 2.629952166986186, 't_max': 3.057646958011901, 't_user': 1.0714824160095304, 't_item': 1.6787486250104848, 't_bcast': 0.022095541964517906, 't_driver': 0.0019606669957283884}
{'method': 'MLlib-ALS', 'dataset': 'ml-1m', 'K': 64, 'cores': 8, 'rep': 0, 't_med': 4.11837862500106, 't_min': 4.11837862500106, 't_max': 4.11837862500106, 't_user': 0, 't_item': 0, 't_bcast': 0, 't_driver': 0}
{'method': 'eALS-rdd', 'dataset': 'ml-1m', 'K': 128, 'cores': 8, 'rep': 0, 't_med': 6.447248499986017, 't_min': 5.514553165994585, 't_max': 7.871783999988111, 't_user': 2.8833840000152122, 't_item': 2.578384249994997, 't_bcast': 0.050547749997349456, 't_driver': 0.00538629200309515}
{'method': 'MLlib-ALS', 'dataset': 'ml-1m', 'K': 128, 'cores': 8, 'rep': 0, 't_med': 7.779968916697544, 't_min': 7.779968916697544, 't_max': 7.779968916697544, 't_user': 0, 't_item': 0, 't_bcast': 0, 't_driver': 0}
{'method': 'eALS-rdd', 'dataset': 'ml-1m', 'K': 256, 'cores': 8, 'rep': 0, 't_med': 9.076318000006722, 't_min': 7.2456519580155145, 't_max': 10.423205291997874, 't_user': 4.116280500020366, 't_item': 3.662158624996664, 't_bcast': 0.10259712496190332, 't_driver': 0.006807583005866036}
-> /Users/thomassinapi/eals-spark/results/factor_scaling_ml-1m.csv  (19 rows)
===== strong --dataset ml-1m --iters 4 --reps 3 --fixed-parts 8 @ 16:33:50 =====
{'dataset': 'ml-1m', 'cores': 1, 'rep': 0, 'partitions': 8, 't_med': 3.3008707080152817, 't_min': 3.1417817079927772, 't_max': 3.318670042004669, 't_user': 1.599569457990583, 't_item': 1.6566821669985075, 't_bcast': 0.0117595000192523, 't_driver': 0.0008885420102160424}
{'dataset': 'ml-1m', 'cores': 1, 'rep': 1, 'partitions': 8, 't_med': 3.9649614579975605, 't_min': 3.6697222919901833, 't_max': 4.229415250010788, 't_user': 1.9819392090139445, 't_item': 1.781797292002011, 't_bcast': 0.016205833002459258, 't_driver': 0.0012969159870408475}
{'dataset': 'ml-1m', 'cores': 1, 'rep': 2, 'partitions': 8, 't_med': 2.828274791012518, 't_min': 2.8080097080091946, 't_max': 2.828888125019148, 't_user': 1.3840303749893792, 't_item': 1.4123139999865089, 't_bcast': 0.012823208002373576, 't_driver': 0.0007009160181041807}
{'dataset': 'ml-1m', 'cores': 2, 'rep': 0, 'partitions': 8, 't_med': 2.204021958023077, 't_min': 2.1628055830078665, 't_max': 2.6104142499971204, 't_user': 1.0878745410009287, 't_item': 1.1106082499900367, 't_bcast': 0.017907875997480005, 't_driver': 0.0010451250127516687}
{'dataset': 'ml-1m', 'cores': 2, 'rep': 1, 'partitions': 8, 't_med': 2.0729006250039674, 't_min': 1.9381721249956172, 't_max': 2.1914357079949696, 't_user': 0.9701001670036931, 't_item': 1.087207333999686, 't_bcast': 0.01422099900082685, 't_driver': 0.0008990420028567314}
{'dataset': 'ml-1m', 'cores': 2, 'rep': 2, 'partitions': 8, 't_med': 2.315415832999861, 't_min': 2.1727590420050547, 't_max': 2.383236791996751, 't_user': 1.112409540975932, 't_item': 1.0775387919857167, 't_bcast': 0.02001645800191909, 't_driver': 0.0009014999959617853}
{'dataset': 'ml-1m', 'cores': 4, 'rep': 0, 'partitions': 8, 't_med': 1.7298465419735294, 't_min': 1.7188265000004321, 't_max': 1.7777456670009997, 't_user': 0.8853429169976152, 't_item': 0.8091287499992177, 't_bcast': 0.021012374985730276, 't_driver': 0.0023025000118650496}
{'dataset': 'ml-1m', 'cores': 4, 'rep': 1, 'partitions': 8, 't_med': 1.9100882500060834, 't_min': 1.7337463750154711, 't_max': 2.203029707976384, 't_user': 0.9476965829962865, 't_item': 0.939734417013824, 't_bcast': 0.021137208997970447, 't_driver': 0.001851834007538855}
{'dataset': 'ml-1m', 'cores': 4, 'rep': 2, 'partitions': 8, 't_med': 1.8921402499836404, 't_min': 1.6391142079955898, 't_max': 2.4961141670064535, 't_user': 0.7918243749882095, 't_item': 0.8273671250208281, 't_bcast': 0.02156341800582595, 't_driver': 0.0012751659960485995}
{'dataset': 'ml-1m', 'cores': 8, 'rep': 0, 'partitions': 8, 't_med': 1.5964953750080895, 't_min': 1.4536193749809172, 't_max': 1.7060182909772266, 't_user': 0.7591291669814382, 't_item': 0.816704041993944, 't_bcast': 0.017075373994885013, 't_driver': 0.0011218749859835953}
{'dataset': 'ml-1m', 'cores': 8, 'rep': 1, 'partitions': 8, 't_med': 1.7253260420111474, 't_min': 1.692850624996936, 't_max': 1.7498319580045063, 't_user': 0.913321875006659, 't_item': 0.7731810419936664, 't_bcast': 0.020326250029029325, 't_driver': 0.0014214170223567635}
{'dataset': 'ml-1m', 'cores': 8, 'rep': 2, 'partitions': 8, 't_med': 1.5581542500003707, 't_min': 1.45042924999143, 't_max': 1.730976416991325, 't_user': 0.8063736250041984, 't_item': 0.7723026250023395, 't_bcast': 0.017755083012161776, 't_driver': 0.0012567919911816716}
-> /Users/thomassinapi/eals-spark/results/strong_scaling_p8_ml-1m.csv  (12 rows)
===== strong --dataset ml-10m --iters 4 --reps 3 --fixed-parts 8 @ 16:38:06 =====
{'dataset': 'ml-10m', 'cores': 1, 'rep': 0, 'partitions': 8, 't_med': 20.932119333010633, 't_min': 18.43967625001096, 't_max': 23.1913044169778, 't_user': 11.534529625001596, 't_item': 9.33537262500613, 't_bcast': 0.0602132499916479, 't_driver': 0.0021114169794600457}
{'dataset': 'ml-10m', 'cores': 1, 'rep': 1, 'partitions': 8, 't_med': 19.15346058300929, 't_min': 18.880835832998855, 't_max': 21.72043291598675, 't_user': 9.451876207982423, 't_item': 9.672846750007011, 't_bcast': 0.04989695901167579, 't_driver': 0.0026155830128118396}
{'dataset': 'ml-10m', 'cores': 1, 'rep': 2, 'partitions': 8, 't_med': 23.082554541004356, 't_min': 20.912741249980172, 't_max': 24.705823166004848, 't_user': 10.951331874995958, 't_item': 11.958266500005266, 't_bcast': 0.05053208299796097, 't_driver': 0.0025900829932652414}
{'dataset': 'ml-10m', 'cores': 2, 'rep': 0, 'partitions': 8, 't_med': 14.789817791985115, 't_min': 14.758243916003266, 't_max': 15.479361583013088, 't_user': 7.633308083983138, 't_item': 7.159146125020925, 't_bcast': 0.06432529102312401, 't_driver': 0.002024165994953364}
{'dataset': 'ml-10m', 'cores': 2, 'rep': 1, 'partitions': 8, 't_med': 14.150725457991939, 't_min': 14.11846879098448, 't_max': 15.282037375000073, 't_user': 7.058770416973857, 't_item': 7.031096332997549, 't_bcast': 0.06089404199155979, 't_driver': 0.002249916986329481}
{'dataset': 'ml-10m', 'cores': 2, 'rep': 2, 'partitions': 8, 't_med': 16.62166299999808, 't_min': 15.494513250014279, 't_max': 17.707516333000967, 't_user': 8.138543832988944, 't_item': 8.387696374993538, 't_bcast': 0.07232433298486285, 't_driver': 0.0024694580060895532}
{'dataset': 'ml-10m', 'cores': 4, 'rep': 0, 'partitions': 8, 't_med': 14.34528104099445, 't_min': 12.868558500020299, 't_max': 17.644356042001164, 't_user': 6.3056714159902185, 't_item': 6.520312666980317, 't_bcast': 0.10137695801677182, 't_driver': 0.0034774160012602806}
{'dataset': 'ml-10m', 'cores': 4, 'rep': 1, 'partitions': 8, 't_med': 13.859760209015803, 't_min': 13.733366041997215, 't_max': 14.12336458300706, 't_user': 7.191046417021425, 't_item': 6.832152582996059, 't_bcast': 0.07265304098837078, 't_driver': 0.0031462080078199506}
{'dataset': 'ml-10m', 'cores': 4, 'rep': 2, 'partitions': 8, 't_med': 13.607314082997618, 't_min': 11.710206832998665, 't_max': 13.937968584010378, 't_user': 6.510063499998068, 't_item': 6.457150875008665, 't_bcast': 0.09640600002603605, 't_driver': 0.0029431660077534616}
{'dataset': 'ml-10m', 'cores': 8, 'rep': 0, 'partitions': 8, 't_med': 11.331837207981152, 't_min': 11.030878624995239, 't_max': 11.634216333011864, 't_user': 5.461115500016604, 't_item': 5.7636546670109965, 't_bcast': 0.07569183298619464, 't_driver': 0.0032042079837992787}
{'dataset': 'ml-10m', 'cores': 8, 'rep': 1, 'partitions': 8, 't_med': 14.106755333021283, 't_min': 12.789749707997544, 't_max': 19.187486040988006, 't_user': 7.318210291996365, 't_item': 6.645478458987782, 't_bcast': 0.13857074902625754, 't_driver': 0.004358915990451351}
{'dataset': 'ml-10m', 'cores': 8, 'rep': 2, 'partitions': 8, 't_med': 16.15921424998669, 't_min': 15.562559291982325, 't_max': 19.57554458300001, 't_user': 8.662105583003722, 't_item': 8.674977584014414, 't_bcast': 0.15129845900810324, 't_driver': 0.011842874984722584}
-> /Users/thomassinapi/eals-spark/results/strong_scaling_p8_ml-10m.csv  (12 rows)
===== strong --dataset ml-10m --iters 4 --reps 3 --interleave @ 17:01:56 =====
{'dataset': 'ml-10m', 'cores': 1, 'rep': 0, 'partitions': 2, 't_med': 24.822293417004403, 't_min': 23.23158233400318, 't_max': 28.105740958009847, 't_user': 11.553070583002409, 't_item': 12.682717540999874, 't_bcast': 0.08684616701793857, 't_driver': 0.002656625001691282}
{'dataset': 'ml-10m', 'cores': 2, 'rep': 0, 'partitions': 4, 't_med': 17.88217229201109, 't_min': 14.959862666990375, 't_max': 20.3830147080007, 't_user': 8.347156125004403, 't_item': 9.442672791978111, 't_bcast': 0.1037165829911828, 't_driver': 0.003760250023333356}
{'dataset': 'ml-10m', 'cores': 4, 'rep': 0, 'partitions': 8, 't_med': 12.48019612499047, 't_min': 12.429406000010204, 't_max': 14.245779290999053, 't_user': 5.979029083013302, 't_item': 6.432646583009046, 't_bcast': 0.07355154200922698, 't_driver': 0.002372874994762242}
{'dataset': 'ml-10m', 'cores': 8, 'rep': 0, 'partitions': 16, 't_med': 5.657787375006592, 't_min': 5.6308926659985445, 't_max': 6.0546715410018805, 't_user': 2.799781792011345, 't_item': 2.7956550829985645, 't_bcast': 0.06281637400388718, 't_driver': 0.0018932920065708458}
{'dataset': 'ml-10m', 'cores': 1, 'rep': 1, 'partitions': 2, 't_med': 13.654506291000871, 't_min': 12.934025916008977, 't_max': 15.02430895899306, 't_user': 7.040871958015487, 't_item': 6.57941900001606, 't_bcast': 0.03778924999642186, 't_driver': 0.0011460829991847277}
{'dataset': 'ml-10m', 'cores': 2, 'rep': 1, 'partitions': 4, 't_med': 8.802551333006704, 't_min': 8.605854124994949, 't_max': 9.13904879198526, 't_user': 4.381515999994008, 't_item': 4.38510604199837, 't_bcast': 0.034049375011818483, 't_driver': 0.001809125009458512}
{'dataset': 'ml-10m', 'cores': 4, 'rep': 1, 'partitions': 8, 't_med': 6.411653999995906, 't_min': 6.345824874995742, 't_max': 6.52508541700081, 't_user': 3.172490958007984, 't_item': 3.1715347499994095, 't_bcast': 0.04871516700950451, 't_driver': 0.0018552090041339397}
{'dataset': 'ml-10m', 'cores': 8, 'rep': 1, 'partitions': 16, 't_med': 7.872843166987877, 't_min': 6.309082332998514, 't_max': 8.172763249982381, 't_user': 3.230507917003706, 't_item': 4.340910041006282, 't_bcast': 0.0810563330014702, 't_driver': 0.0033522089943289757}
{'dataset': 'ml-10m', 'cores': 1, 'rep': 2, 'partitions': 2, 't_med': 13.907874666008865, 't_min': 13.512675833015237, 't_max': 14.720711041998584, 't_user': 6.8365968329890165, 't_item': 7.325891957996646, 't_bcast': 0.03413037501741201, 't_driver': 0.0010868750105146319}
{'dataset': 'ml-10m', 'cores': 2, 'rep': 2, 'partitions': 4, 't_med': 10.446281749987975, 't_min': 10.06893887501792, 't_max': 11.326983292005025, 't_user': 5.177727417001734, 't_item': 4.84738125000149, 't_bcast': 0.04195600000093691, 't_driver': 0.001874208013759926}
{'dataset': 'ml-10m', 'cores': 4, 'rep': 2, 'partitions': 8, 't_med': 6.698035333014559, 't_min': 6.63145254200208, 't_max': 6.7571980000066105, 't_user': 3.320934625022346, 't_item': 3.314042583020637, 't_bcast': 0.04726583298179321, 't_driver': 0.0018680420180317014}
{'dataset': 'ml-10m', 'cores': 8, 'rep': 2, 'partitions': 16, 't_med': 6.722757042007288, 't_min': 6.550123666005675, 't_max': 7.027472415997181, 't_user': 3.335965917009162, 't_item': 3.2552466670167632, 't_bcast': 0.06767170800594613, 't_driver': 0.002744625002378598}
-> /Users/thomassinapi/eals-spark/results/strong_scaling_il_ml-10m.csv  (12 rows)
===== weak --dataset ml-10m --iters 4 --reps 3 --interleave @ 17:18:24 =====
{'dataset': 'ml-10m', 'cores': 1, 'frac': 0.125, 'nnz': 1241552, 'rep': 0, 't_med': 1.5182426249957643, 't_min': 1.4577227499976289, 't_max': 1.58494770800462, 't_user': 0.7106055420008488, 't_item': 0.7190021249989513, 't_bcast': 0.02786216704407707, 't_driver': 0.001000415999442339}
{'dataset': 'ml-10m', 'cores': 2, 'frac': 0.25, 'nnz': 2479583, 'rep': 0, 't_med': 2.4152904999791645, 't_min': 2.367363375000423, 't_max': 2.4352190000063274, 't_user': 1.1781161669932771, 't_item': 1.1650652919779532, 't_bcast': 0.04650983298779465, 't_driver': 0.0017349590198136866}
{'dataset': 'ml-10m', 'cores': 4, 'frac': 0.5, 'nnz': 4962510, 'rep': 0, 't_med': 4.462451708008302, 't_min': 4.456537542020669, 't_max': 4.56867470900761, 't_user': 2.2819179999933112, 't_item': 2.111687083990546, 't_bcast': 0.06152850101352669, 't_driver': 0.0023258330184035003}
{'dataset': 'ml-10m', 'cores': 8, 'frac': 1.0, 'nnz': 9925593, 'rep': 0, 't_med': 8.080516666988842, 't_min': 7.990313791990047, 't_max': 8.241729582980042, 't_user': 4.086949416989228, 't_item': 3.897284041013336, 't_bcast': 0.07231920896447264, 't_driver': 0.0032407919934485108}
{'dataset': 'ml-10m', 'cores': 1, 'frac': 0.125, 'nnz': 1241428, 'rep': 1, 't_med': 1.923513665999053, 't_min': 1.9113063749973662, 't_max': 2.1267962910060305, 't_user': 0.9760913339850958, 't_item': 0.9281086660048459, 't_bcast': 0.04653733299346641, 't_driver': 0.00167908298317343}
{'dataset': 'ml-10m', 'cores': 2, 'frac': 0.25, 'nnz': 2479590, 'rep': 1, 't_med': 2.4008527499972843, 't_min': 2.050463874998968, 't_max': 2.511294416995952, 't_user': 1.1383686249901075, 't_item': 1.058812625007704, 't_bcast': 0.03880208299960941, 't_driver': 0.002153458015527576}
{'dataset': 'ml-10m', 'cores': 4, 'frac': 0.5, 'nnz': 4963183, 'rep': 1, 't_med': 3.1058694579987787, 't_min': 3.04526879201876, 't_max': 3.3980498339806218, 't_user': 1.5409158330003265, 't_item': 1.514373334008269, 't_bcast': 0.04855358297936618, 't_driver': 0.0020267080108169466}
{'dataset': 'ml-10m', 'cores': 8, 'frac': 1.0, 'nnz': 9925593, 'rep': 1, 't_med': 5.937251542025479, 't_min': 5.896046042005764, 't_max': 6.336509125016164, 't_user': 3.0198469170136377, 't_item': 2.920733292005025, 't_bcast': 0.06434454198461026, 't_driver': 0.001959792018169537}
{'dataset': 'ml-10m', 'cores': 1, 'frac': 0.125, 'nnz': 1240215, 'rep': 2, 't_med': 1.7658609169884585, 't_min': 1.7165612090029754, 't_max': 1.774169999989681, 't_user': 0.8450846250052564, 't_item': 0.8546442080114502, 't_bcast': 0.03746816699276678, 't_driver': 0.001625584001885727}
{'dataset': 'ml-10m', 'cores': 2, 'frac': 0.25, 'nnz': 2482101, 'rep': 2, 't_med': 2.084424000000581, 't_min': 2.00836900001741, 't_max': 2.138174749998143, 't_user': 1.0225104160199407, 't_item': 0.9808873340080027, 't_bcast': 0.042202042968710884, 't_driver': 0.0014993749791756272}
{'dataset': 'ml-10m', 'cores': 4, 'frac': 0.5, 'nnz': 4961602, 'rep': 2, 't_med': 3.2646876660001, 't_min': 3.121214459009934, 't_max': 3.4680260840104893, 't_user': 1.6656635830004234, 't_item': 1.5502040839928668, 't_bcast': 0.051995875022839755, 't_driver': 0.0018900420109275728}
{'dataset': 'ml-10m', 'cores': 8, 'frac': 1.0, 'nnz': 9925593, 'rep': 2, 't_med': 6.309257458982756, 't_min': 6.24262537501636, 't_max': 6.60586354098632, 't_user': 3.1489340419939253, 't_item': 3.039422750007361, 't_bcast': 0.08231570903444663, 't_driver': 0.0027124589832965285}
-> /Users/thomassinapi/eals-spark/results/weak_scaling_il_ml-10m.csv  (12 rows)
extras finished Thu Aug 27 17:24:18 CEST 2026
===== kernel --datasets ml-100k,ml-1m,amazon-movies --ks 8,32,128 @ 17:24:20 =====
{'dataset': 'ml-100k', 'nnz': 97010, 'users': 943, 'K': 8, 't_vectorised': 0.010526583006139845, 't_python_loop': 0.046190082997782156, 'speedup': 4.3879464942081245, 'max_abs_diff': 1.3322676295501878e-14}
{'dataset': 'ml-100k', 'nnz': 97010, 'users': 943, 'K': 32, 't_vectorised': 0.04001979198073968, 't_python_loop': 0.17702329100575298, 'speedup': 4.423393582129286, 'max_abs_diff': 9.769962616701378e-15}
{'dataset': 'ml-100k', 'nnz': 97010, 'users': 943, 'K': 128, 't_vectorised': 0.15991941699758172, 't_python_loop': 0.7227909170032945, 'speedup': 4.519719559846973, 'max_abs_diff': 1.1102230246251565e-14}
{'dataset': 'ml-1m', 'nnz': 992499, 'users': 6040, 'K': 8, 't_vectorised': 0.13098387501668185, 't_python_loop': 0.30887537501985207, 'speedup': 2.358117554397549, 'max_abs_diff': 1.687538997430238e-14}
{'dataset': 'ml-1m', 'nnz': 992499, 'users': 6040, 'K': 32, 't_vectorised': 0.5120719999831636, 't_python_loop': 1.1940423330233898, 'speedup': 2.331786024353311, 'max_abs_diff': 1.865174681370263e-14}
{'dataset': 'ml-1m', 'nnz': 992499, 'users': 6040, 'K': 128, 't_vectorised': 2.127115290990332, 't_python_loop': 4.850571957998909, 'speedup': 2.280352164522593, 'max_abs_diff': 1.865174681370263e-14}
{'dataset': 'amazon-movies', 'nnz': 925660, 'users': 33326, 'K': 8, 't_vectorised': 0.10230637498898432, 't_python_loop': 1.6437262080144137, 'speedup': 16.066703645705356, 'max_abs_diff': 1.3322676295501878e-14}
{'dataset': 'amazon-movies', 'nnz': 925660, 'users': 33326, 'K': 32, 't_vectorised': 0.4693413750210311, 't_python_loop': 5.956233749981038, 'speedup': 12.690621511291521, 'max_abs_diff': 1.865174681370263e-14}
{'dataset': 'amazon-movies', 'nnz': 925660, 'users': 33326, 'K': 128, 't_vectorised': 2.0630153750244062, 't_python_loop': 27.7050258340023, 'speedup': 13.42938407992938, 'max_abs_diff': 2.5757174171303632e-14}
-> /Users/thomassinapi/eals-spark/results/kernel_vectorisation.csv  (9 rows)
extras2 finished Thu Aug 27 17:25:14 CEST 2026
===== factors --dataset amazon-movies --cores 8 --iters 4 --reps 3 --reps-max-k 256 --ks 8,16,32,64,128,256 --with-als --als-max-k 128 --interleave --cooldown 20 @ 17:25:14 =====
{'method': 'eALS-rdd', 'dataset': 'amazon-movies', 'K': 8, 'cores': 8, 'rep': 0, 't_med': 0.5411009580129758, 't_min': 0.5331292079936247, 't_max': 0.5823174999968614, 't_user': 0.27445499997702427, 't_item': 0.2586430420051329, 't_bcast': 0.007980541995493695, 't_driver': 0.0006265839911065996}
{'method': 'eALS-rdd', 'dataset': 'amazon-movies', 'K': 16, 'cores': 8, 'rep': 0, 't_med': 1.0186390829912852, 't_min': 0.7701468750019558, 't_max': 1.5897989590012003, 't_user': 0.4177816250012256, 't_item': 0.5758591250050813, 't_bcast': 0.021081124985357746, 't_driver': 0.002150834014173597}
{'method': 'eALS-rdd', 'dataset': 'amazon-movies', 'K': 32, 'cores': 8, 'rep': 0, 't_med': 0.9659827499999665, 't_min': 0.7979447079997044, 't_max': 1.1143499170138966, 't_user': 0.4430067499924917, 't_item': 0.48619537500781007, 't_bcast': 0.033039000001735985, 't_driver': 0.0034678750089369714}
{'method': 'eALS-rdd', 'dataset': 'amazon-movies', 'K': 64, 'cores': 8, 'rep': 0, 't_med': 0.9145652499864809, 't_min': 0.91287170900614, 't_max': 1.0478546670055948, 't_user': 0.4056023749872111, 't_item': 0.4611979580076877, 't_bcast': 0.05609795902273618, 't_driver': 0.005412957980297506}
{'method': 'eALS-rdd', 'dataset': 'amazon-movies', 'K': 128, 'cores': 8, 'rep': 0, 't_med': 1.3903646249964368, 't_min': 1.3319051250000484, 't_max': 1.4390205410018098, 't_user': 0.6194282090000343, 't_item': 0.6298653330013622, 't_bcast': 0.10549470901605673, 't_driver': 0.01782275000005029}
{'method': 'eALS-rdd', 'dataset': 'amazon-movies', 'K': 256, 'cores': 8, 'rep': 0, 't_med': 2.852669749991037, 't_min': 2.7565856669971254, 't_max': 2.9768513749877457, 't_user': 1.2501270420034416, 't_item': 1.2245641659828834, 't_bcast': 0.24742220801999792, 't_driver': 0.06200666699442081}
{'method': 'eALS-rdd', 'dataset': 'amazon-movies', 'K': 8, 'cores': 8, 'rep': 1, 't_med': 0.4929743339889683, 't_min': 0.49188137499731965, 't_max': 0.511022040998796, 't_user': 0.2391090840101242, 't_item': 0.24504704101127572, 't_bcast': 0.009892124973703176, 't_driver': 0.0005980840069241822}
{'method': 'eALS-rdd', 'dataset': 'amazon-movies', 'K': 16, 'cores': 8, 'rep': 1, 't_med': 0.5381267080083489, 't_min': 0.5340724170091562, 't_max': 0.5477260420157108, 't_user': 0.2641366250172723, 't_item': 0.26043195798411034, 't_bcast': 0.01831741599016823, 't_driver': 0.0009345000144094229}
{'method': 'eALS-rdd', 'dataset': 'amazon-movies', 'K': 32, 'cores': 8, 'rep': 1, 't_med': 0.6364789580111392, 't_min': 0.6250360409903806, 't_max': 0.638681667012861, 't_user': 0.3010540409886744, 't_item': 0.30107112499536015, 't_bcast': 0.022547665983438492, 't_driver': 0.0020427080162335187}
{'method': 'eALS-rdd', 'dataset': 'amazon-movies', 'K': 64, 'cores': 8, 'rep': 1, 't_med': 0.8246941670076922, 't_min': 0.8221223329892382, 't_max': 0.8345732500019949, 't_user': 0.3888603750092443, 't_item': 0.38585508399410173, 't_bcast': 0.046761332981986925, 't_driver': 0.0037309170002117753}
{'method': 'eALS-rdd', 'dataset': 'amazon-movies', 'K': 128, 'cores': 8, 'rep': 1, 't_med': 1.6357054159743711, 't_min': 1.4797320000070613, 't_max': 1.650409124995349, 't_user': 0.7811772499990184, 't_item': 0.6724174169939943, 't_bcast': 0.12115170899778605, 't_driver': 0.01863754101213999}
{'method': 'eALS-rdd', 'dataset': 'amazon-movies', 'K': 256, 'cores': 8, 'rep': 1, 't_med': 2.7721805419714656, 't_min': 2.7524056250113063, 't_max': 2.8224597910011653, 't_user': 1.2608700830023736, 't_item': 1.1770285000093281, 't_bcast': 0.24477029195986688, 't_driver': 0.0551171250117477}
{'method': 'eALS-rdd', 'dataset': 'amazon-movies', 'K': 8, 'cores': 8, 'rep': 2, 't_med': 0.5439854580035899, 't_min': 0.5220707499829587, 't_max': 0.5514953749952838, 't_user': 0.27662275001057424, 't_item': 0.2564724579860922, 't_bcast': 0.013113625027472153, 't_driver': 0.000653291994240135}
{'method': 'eALS-rdd', 'dataset': 'amazon-movies', 'K': 16, 'cores': 8, 'rep': 2, 't_med': 0.5204229579831008, 't_min': 0.5117625840066466, 't_max': 0.5674199169734493, 't_user': 0.25257841701386496, 't_item': 0.2541705829789862, 't_bcast': 0.011906124971574172, 't_driver': 0.002768958976957947}
{'method': 'eALS-rdd', 'dataset': 'amazon-movies', 'K': 32, 'cores': 8, 'rep': 2, 't_med': 0.6300793339905795, 't_min': 0.6245193330105394, 't_max': 0.6693527910101693, 't_user': 0.2963635839987546, 't_item': 0.31494199999724515, 't_bcast': 0.021670749003533274, 't_driver': 0.0022157909988891333}
{'method': 'eALS-rdd', 'dataset': 'amazon-movies', 'K': 64, 'cores': 8, 'rep': 2, 't_med': 0.8588880839815829, 't_min': 0.8578060000145342, 't_max': 0.864902917004656, 't_user': 0.399487709015375, 't_item': 0.4083399999944959, 't_bcast': 0.04836554199573584, 't_driver': 0.0037491670227609575}
{'method': 'eALS-rdd', 'dataset': 'amazon-movies', 'K': 128, 'cores': 8, 'rep': 2, 't_med': 1.320478000008734, 't_min': 1.2931737919861916, 't_max': 1.3430941249825992, 't_user': 0.5986678749904968, 't_item': 0.5937877089891117, 't_bcast': 0.09705133398529142, 't_driver': 0.017696249997243285}
{'method': 'eALS-rdd', 'dataset': 'amazon-movies', 'K': 256, 'cores': 8, 'rep': 2, 't_med': 2.815576749999309, 't_min': 2.7706878750177566, 't_max': 3.244961874996079, 't_user': 1.3427379580098204, 't_item': 1.2159633330011275, 't_bcast': 0.22196974899270572, 't_driver': 0.04797791701275855}
{'method': 'MLlib-ALS', 'dataset': 'amazon-movies', 'K': 8, 'cores': 8, 'rep': 0, 't_med': -0.14815257909940555, 't_min': -0.14815257909940555, 't_max': -0.14815257909940555, 't_user': 0, 't_item': 0, 't_bcast': 0, 't_driver': 0}
{'method': 'MLlib-ALS', 'dataset': 'amazon-movies', 'K': 16, 'cores': 8, 'rep': 0, 't_med': 0.2415942207997432, 't_min': 0.2415942207997432, 't_max': 0.2415942207997432, 't_user': 0, 't_item': 0, 't_bcast': 0, 't_driver': 0}
{'method': 'MLlib-ALS', 'dataset': 'amazon-movies', 'K': 32, 'cores': 8, 'rep': 0, 't_med': 0.36303393749694807, 't_min': 0.36303393749694807, 't_max': 0.36303393749694807, 't_user': 0, 't_item': 0, 't_bcast': 0, 't_driver': 0}
{'method': 'MLlib-ALS', 'dataset': 'amazon-movies', 'K': 64, 'cores': 8, 'rep': 0, 't_med': 0.8281228373991325, 't_min': 0.8281228373991325, 't_max': 0.8281228373991325, 't_user': 0, 't_item': 0, 't_bcast': 0, 't_driver': 0}
{'method': 'MLlib-ALS', 'dataset': 'amazon-movies', 'K': 128, 'cores': 8, 'rep': 0, 't_med': 3.734414291600115, 't_min': 3.734414291600115, 't_max': 3.734414291600115, 't_user': 0, 't_item': 0, 't_bcast': 0, 't_driver': 0}
-> /Users/thomassinapi/eals-spark/results/factor_scaling_amazon-movies.csv  (23 rows)
===== factors --dataset ml-1m --cores 8 --iters 4 --reps 3 --reps-max-k 256 --ks 8,16,32,64,128,256 --with-als --als-max-k 128 --interleave --cooldown 20 @ 17:36:23 =====
{'method': 'eALS-rdd', 'dataset': 'ml-1m', 'K': 8, 'cores': 8, 'rep': 0, 't_med': 0.5654384170193225, 't_min': 0.4796562920091674, 't_max': 0.5924075420189183, 't_user': 0.24813750002067536, 't_item': 0.29847141698701307, 't_bcast': 0.005645083001581952, 't_driver': 0.00043445901246741414}
{'method': 'eALS-rdd', 'dataset': 'ml-1m', 'K': 16, 'cores': 8, 'rep': 0, 't_med': 0.5947589999996126, 't_min': 0.5630438330117613, 't_max': 0.6111545420135371, 't_user': 0.2851408749993425, 't_item': 0.3028843750071246, 't_bcast': 0.00630087498575449, 't_driver': 0.0007022500212769955}
{'method': 'eALS-rdd', 'dataset': 'ml-1m', 'K': 32, 'cores': 8, 'rep': 0, 't_med': 0.6291548330045771, 't_min': 0.6286390000022948, 't_max': 0.6686912500008475, 't_user': 0.30972345802001655, 't_item': 0.3184732089866884, 't_bcast': 0.007223833032185212, 't_driver': 0.00042691698763519526}
{'method': 'eALS-rdd', 'dataset': 'ml-1m', 'K': 64, 'cores': 8, 'rep': 0, 't_med': 0.8150866249925457, 't_min': 0.796371457981877, 't_max': 0.8320450840110425, 't_user': 0.39792637500795536, 't_item': 0.38854908299981616, 't_bcast': 0.009604166989447549, 't_driver': 0.0007161249814089388}
{'method': 'eALS-rdd', 'dataset': 'ml-1m', 'K': 128, 'cores': 8, 'rep': 0, 't_med': 1.1541614579909947, 't_min': 1.1237995419942308, 't_max': 1.171514291985659, 't_user': 0.561003917013295, 't_item': 0.5772459159779828, 't_bcast': 0.013821082946378738, 't_driver': 0.0011919579992536455}
{'method': 'eALS-rdd', 'dataset': 'ml-1m', 'K': 256, 'cores': 8, 'rep': 0, 't_med': 2.0841990409826394, 't_min': 2.017760124988854, 't_max': 2.1493083749955986, 't_user': 0.9992382499913219, 't_item': 1.0516850409912877, 't_bcast': 0.0329392509884201, 't_driver': 0.002909999981056899}
{'method': 'eALS-rdd', 'dataset': 'ml-1m', 'K': 8, 'cores': 8, 'rep': 1, 't_med': 0.4631420410005376, 't_min': 0.45991450001019984, 't_max': 0.4690499580174219, 't_user': 0.23063029200420715, 't_item': 0.22508679199381731, 't_bcast': 0.004299082997022197, 't_driver': 0.0002829160075634718}
{'method': 'eALS-rdd', 'dataset': 'ml-1m', 'K': 16, 'cores': 8, 'rep': 1, 't_med': 0.5199002079898492, 't_min': 0.5191315829870291, 't_max': 0.5240380839968566, 't_user': 0.25722891598707065, 't_item': 0.25374620797811076, 't_bcast': 0.006886916991788894, 't_driver': 0.0005145420145709068}
{'method': 'eALS-rdd', 'dataset': 'ml-1m', 'K': 32, 'cores': 8, 'rep': 1, 't_med': 0.6886554589727893, 't_min': 0.5841133749927394, 't_max': 0.6987452500034124, 't_user': 0.3345494579989463, 't_item': 0.3395227500004694, 't_bcast': 0.008415208983933553, 't_driver': 0.0008249589882325381}
{'method': 'eALS-rdd', 'dataset': 'ml-1m', 'K': 64, 'cores': 8, 'rep': 1, 't_med': 0.8063215420115739, 't_min': 0.762572875013575, 't_max': 0.8085028750065248, 't_user': 0.3871277089929208, 't_item': 0.40492412500316277, 't_bcast': 0.012783541023964062, 't_driver': 0.0012862920120824128}
{'method': 'eALS-rdd', 'dataset': 'ml-1m', 'K': 128, 'cores': 8, 'rep': 1, 't_med': 1.116411374998279, 't_min': 1.0924469169985969, 't_max': 1.150175249989843, 't_user': 0.5267901659826748, 't_item': 0.5469553330040071, 't_bcast': 0.018014418019447476, 't_driver': 0.0013858749880455434}
{'method': 'eALS-rdd', 'dataset': 'ml-1m', 'K': 256, 'cores': 8, 'rep': 1, 't_med': 1.8753066659846809, 't_min': 1.8210807499999646, 't_max': 1.9900083339889534, 't_user': 0.9157657499890774, 't_item': 0.9322584579931572, 't_bcast': 0.025548832985805348, 't_driver': 0.002150499989511445}
{'method': 'eALS-rdd', 'dataset': 'ml-1m', 'K': 8, 'cores': 8, 'rep': 2, 't_med': 0.4957594170118682, 't_min': 0.49511437499313615, 't_max': 0.5194945840048604, 't_user': 0.2429498749843333, 't_item': 0.2571127919945866, 't_bcast': 0.005096834007417783, 't_driver': 0.0002429590094834566}
{'method': 'eALS-rdd', 'dataset': 'ml-1m', 'K': 16, 'cores': 8, 'rep': 2, 't_med': 0.5059405409847386, 't_min': 0.5044872079743072, 't_max': 0.5542090419912711, 't_user': 0.25893137499224395, 't_item': 0.24783124998793937, 't_bcast': 0.006834916974185035, 't_driver': 0.0003962909977417439}
{'method': 'eALS-rdd', 'dataset': 'ml-1m', 'K': 32, 'cores': 8, 'rep': 2, 't_med': 0.6076515000022482, 't_min': 0.6002443750039674, 't_max': 0.6080358750186861, 't_user': 0.29186133298208006, 't_item': 0.30202299999655224, 't_bcast': 0.0067201250058133155, 't_driver': 0.00047774999984540045}
{'method': 'eALS-rdd', 'dataset': 'ml-1m', 'K': 64, 'cores': 8, 'rep': 2, 't_med': 0.8107977499894332, 't_min': 0.77128062499105, 't_max': 0.8194008749851491, 't_user': 0.4129640409955755, 't_item': 0.38744175000465475, 't_bcast': 0.010475749964825809, 't_driver': 0.0006566669908352196}
{'method': 'eALS-rdd', 'dataset': 'ml-1m', 'K': 128, 'cores': 8, 'rep': 2, 't_med': 1.1527532499749213, 't_min': 1.1116561249946244, 't_max': 1.2744597500131931, 't_user': 0.5680934579868335, 't_item': 0.5747318750072736, 't_bcast': 0.01431116697494872, 't_driver': 0.0012574580032378435}
{'method': 'eALS-rdd', 'dataset': 'ml-1m', 'K': 256, 'cores': 8, 'rep': 2, 't_med': 2.036209999991115, 't_min': 1.8778183750109747, 't_max': 2.1421363340050448, 't_user': 0.9298662910005078, 't_item': 0.9347348329902161, 't_bcast': 0.02824041698477231, 't_driver': 0.0022215420030988753}
{'method': 'MLlib-ALS', 'dataset': 'ml-1m', 'K': 8, 'cores': 8, 'rep': 0, 't_med': -0.05109441250097006, 't_min': -0.05109441250097006, 't_max': -0.05109441250097006, 't_user': 0, 't_item': 0, 't_bcast': 0, 't_driver': 0}
{'method': 'MLlib-ALS', 'dataset': 'ml-1m', 'K': 16, 'cores': 8, 'rep': 0, 't_med': 0.18572793749626726, 't_min': 0.18572793749626726, 't_max': 0.18572793749626726, 't_user': 0, 't_item': 0, 't_bcast': 0, 't_driver': 0}
{'method': 'MLlib-ALS', 'dataset': 'ml-1m', 'K': 32, 'cores': 8, 'rep': 0, 't_med': 0.2541335042013088, 't_min': 0.2541335042013088, 't_max': 0.2541335042013088, 't_user': 0, 't_item': 0, 't_bcast': 0, 't_driver': 0}
{'method': 'MLlib-ALS', 'dataset': 'ml-1m', 'K': 64, 'cores': 8, 'rep': 0, 't_med': 0.5759415708016604, 't_min': 0.5759415708016604, 't_max': 0.5759415708016604, 't_user': 0, 't_item': 0, 't_bcast': 0, 't_driver': 0}
{'method': 'MLlib-ALS', 'dataset': 'ml-1m', 'K': 128, 'cores': 8, 'rep': 0, 't_med': 1.9423575041029835, 't_min': 1.9423575041029835, 't_max': 1.9423575041029835, 't_user': 0, 't_item': 0, 't_bcast': 0, 't_driver': 0}
-> /Users/thomassinapi/eals-spark/results/factor_scaling_ml-1m.csv  (23 rows)
extras3 finished Thu Aug 27 17:46:41 CEST 2026
===== partitions --dataset ml-10m --cores 8 --iters 3 --reps 2 --parts-grid 4,8,16,32,64 @ 17:46:41 =====
{'dataset': 'ml-10m', 'cores': 8, 'partitions': 4, 'rep': 0, 't_med': 4.758517208494595, 't_min': 4.698037583992118, 't_max': 4.8189968329970725, 't_user': 2.361711229008506, 't_item': 2.3630116879940033, 't_bcast': 0.032461291484651156, 't_driver': 0.0013330000074347481}
{'dataset': 'ml-10m', 'cores': 8, 'partitions': 4, 'rep': 1, 't_med': 6.605797687006998, 't_min': 6.363728458003607, 't_max': 6.847866916010389, 't_user': 3.2671559794980567, 't_item': 3.2970702709862962, 't_bcast': 0.039731249504256994, 't_driver': 0.001840187018387951}
{'dataset': 'ml-10m', 'cores': 8, 'partitions': 8, 'rep': 0, 't_med': 10.422245854497305, 't_min': 9.31168491698918, 't_max': 11.532806792005431, 't_user': 5.3294701045088, 't_item': 4.981798833498033, 't_bcast': 0.10841999949479941, 't_driver': 0.002556916995672509}
{'dataset': 'ml-10m', 'cores': 8, 'partitions': 8, 'rep': 1, 't_med': 5.138435542001389, 't_min': 5.023158791998867, 't_max': 5.253712292003911, 't_user': 2.5105495625175536, 't_item': 2.5618078335101018, 't_bcast': 0.06326687497494277, 't_driver': 0.00281127099879086}
{'dataset': 'ml-10m', 'cores': 8, 'partitions': 16, 'rep': 0, 't_med': 5.169030583507265, 't_min': 5.0574041249929, 't_max': 5.28065704202163, 't_user': 2.6076438744930783, 't_item': 2.488348770493758, 't_bcast': 0.07034345901047345, 't_driver': 0.002694479509955272}
{'dataset': 'ml-10m', 'cores': 8, 'partitions': 16, 'rep': 1, 't_med': 7.041599792006309, 't_min': 5.521049208997283, 't_max': 8.562150375015335, 't_user': 3.207584499992663, 't_item': 3.7258125629887218, 't_bcast': 0.10370225000951905, 't_driver': 0.00450047901540529}
{'dataset': 'ml-10m', 'cores': 8, 'partitions': 32, 'rep': 0, 't_med': 7.0399165415001335, 't_min': 7.001943582989043, 't_max': 7.077889500011224, 't_user': 3.434717541502323, 't_item': 3.492342917001224, 't_bcast': 0.10917749999498483, 't_driver': 0.0036785830016015097}
{'dataset': 'ml-10m', 'cores': 8, 'partitions': 32, 'rep': 1, 't_med': 9.367629562009824, 't_min': 9.24583783300477, 't_max': 9.489421291014878, 't_user': 4.136893041504663, 't_item': 5.081374291490647, 't_bcast': 0.14063012500992045, 't_driver': 0.008732104004593566}
{'dataset': 'ml-10m', 'cores': 8, 'partitions': 64, 'rep': 0, 't_med': 8.7750468334998, 't_min': 8.658585666998988, 't_max': 8.891508000000613, 't_user': 4.415709374996368, 't_item': 4.249674562481232, 't_bcast': 0.10646997950971127, 't_driver': 0.003192916512489319}
{'dataset': 'ml-10m', 'cores': 8, 'partitions': 64, 'rep': 1, 't_med': 10.321567395498278, 't_min': 8.581006041000364, 't_max': 12.062128749996191, 't_user': 4.962846145994263, 't_item': 5.117744645991479, 't_bcast': 0.2385423535015434, 't_driver': 0.0024342500109924003}
-> /Users/thomassinapi/eals-spark/results/partitions_ml-10m.csv  (10 rows)
===== strong --dataset ml-1m --iters 4 --reps 3 --interleave --cooldown 15 @ 17:54:25 =====
{'dataset': 'ml-1m', 'cores': 1, 'rep': 0, 'partitions': 2, 't_med': 1.3637807920167688, 't_min': 1.1660309589933604, 't_max': 1.4940932499885093, 't_user': 0.6658776249969378, 't_item': 0.6266930419951677, 't_bcast': 0.008997582976007834, 't_driver': 0.00058637501206249}
{'dataset': 'ml-1m', 'cores': 2, 'rep': 0, 'partitions': 4, 't_med': 0.9122537919902243, 't_min': 0.8505117080057971, 't_max': 0.9126694579899777, 't_user': 0.4360380829893984, 't_item': 0.43631991700385697, 't_bcast': 0.012056332983775064, 't_driver': 0.0009282499959226698}
{'dataset': 'ml-1m', 'cores': 4, 'rep': 0, 'partitions': 8, 't_med': 0.838383166003041, 't_min': 0.7729582080210093, 't_max': 0.9507430840167217, 't_user': 0.39941058299154975, 't_item': 0.41758583299815655, 't_bcast': 0.015374833019450307, 't_driver': 0.001338833011686802}
{'dataset': 'ml-1m', 'cores': 8, 'rep': 0, 'partitions': 16, 't_med': 0.6377245000039693, 't_min': 0.6373494580038823, 't_max': 0.7611862909980118, 't_user': 0.3108178330003284, 't_item': 0.3320522499852814, 't_bcast': 0.00849779200507328, 't_driver': 0.0007754160033073276}
{'dataset': 'ml-1m', 'cores': 1, 'rep': 1, 'partitions': 2, 't_med': 1.1736134999955539, 't_min': 1.0994494170008693, 't_max': 1.1844434590020683, 't_user': 0.5760260410024785, 't_item': 0.5794575000181794, 't_bcast': 0.005691833997843787, 't_driver': 0.00039754199679009616}
{'dataset': 'ml-1m', 'cores': 2, 'rep': 1, 'partitions': 4, 't_med': 0.6787934169988148, 't_min': 0.6734254590119235, 't_max': 0.7035655000072438, 't_user': 0.3395035419962369, 't_item': 0.3430532089842018, 't_bcast': 0.007545249012764543, 't_driver': 0.0005532920185942203}
{'dataset': 'ml-1m', 'cores': 4, 'rep': 1, 'partitions': 8, 't_med': 0.5264702920103446, 't_min': 0.5047812910052016, 't_max': 0.5452475000056438, 't_user': 0.25590970797929913, 't_item': 0.2606498340028338, 't_bcast': 0.008640000014565885, 't_driver': 0.0010245000012218952}
{'dataset': 'ml-1m', 'cores': 8, 'rep': 1, 'partitions': 16, 't_med': 0.6118626669922378, 't_min': 0.5987852079852019, 't_max': 0.6263904999941587, 't_user': 0.3070166249817703, 't_item': 0.2950154159916565, 't_bcast': 0.008542499999748543, 't_driver': 0.0005988340126350522}
{'dataset': 'ml-1m', 'cores': 1, 'rep': 2, 'partitions': 2, 't_med': 1.0538699160097167, 't_min': 1.0499034590029623, 't_max': 1.0817410830059089, 't_user': 0.5314306250074878, 't_item': 0.5238244169740938, 't_bcast': 0.006269708013860509, 't_driver': 0.0004503750242292881}
{'dataset': 'ml-1m', 'cores': 2, 'rep': 2, 'partitions': 4, 't_med': 0.6957128749927506, 't_min': 0.6883317909960169, 't_max': 0.7050937500025611, 't_user': 0.34196250000968575, 't_item': 0.3470124590094201, 't_bcast': 0.006349790986860171, 't_driver': 0.00038812498678453267}
{'dataset': 'ml-1m', 'cores': 4, 'rep': 2, 'partitions': 8, 't_med': 0.5057859999942593, 't_min': 0.4998937920026947, 't_max': 0.5061457919946406, 't_user': 0.24667608298477717, 't_item': 0.24797045800369233, 't_bcast': 0.008245751028880477, 't_driver': 0.0008136249962262809}
{'dataset': 'ml-1m', 'cores': 8, 'rep': 2, 'partitions': 16, 't_med': 0.6583388750150334, 't_min': 0.625500041001942, 't_max': 0.6947976670053322, 't_user': 0.322265625, 't_item': 0.3259964580065571, 't_bcast': 0.008376417012186721, 't_driver': 0.0006823329895269126}
-> /Users/thomassinapi/eals-spark/results/strong_scaling_il_ml-1m.csv  (12 rows)
extras4 finished Thu Aug 27 17:59:03 CEST 2026
